id,region_id,timestamp,temperature_celsius,humidity_percent,precipitation_mm,atmospheric_pressure_mb,wind_speed_kmh,source,created_at
1,1,2025-07-02T08:05:05.858201,24.83,52.47,21.22,1016.84,1.16,Synthetic Data - Grupo 7,2025-11-04T08:05:05.858322
2,17,2025-02-23T08:05:05.858391,24.31,91.02,20.5,1019.09,2.43,Synthetic Data - Grupo 7,2025-11-04T08:05:05.858440
3,9,2025-07-04T08:05:05.858494,34.67,71.21,9.77,1007.52,1.86,Synthetic Data - Grupo 7,2025-11-04T08:05:05.858531
4,19,2025-06-10T08:05:05.858572,19.69,77.1,5.87,1016.1,2.93,Synthetic Data - Grupo 7,2025-11-04T08:05:05.858604
5,18,2025-06-07T08:05:05.858642,34.36,75.95,1.3,1004.45,3.65,Synthetic Data - Grupo 7,2025-11-04T08:05:05.858674
6,12,2025-09-29T08:05:05.858710,24.27,72.71,1.63,1017.08,4.71,Synthetic Data - Grupo 7,2025-11-04T08:05:05.858741
7,1,2025-07-12T08:05:05.858777,26.13,82.71,0.05,1014.47,1.81,Synthetic Data - Grupo 7,2025-11-04T08:05:05.858808
8,14,2024-12-02T08:05:05.858840,10.6,57.95,25.98,1006.35,3.27,Synthetic Data - Grupo 7,2025-11-04T08:05:05.858870
9,8,2025-06-23T08:05:05.858901,20.2,86.57,3.91,1024.37,3.73,Synthetic Data - Grupo 7,2025-11-04T08:05:05.858929
10,6,2025-03-20T08:05:05.858960,29.39,66.41,4.99,1013.07,8.67,Synthetic Data - Grupo 7,2025-11-04T08:05:05.858988
11,1,2024-12-23T08:05:05.859024,38.92,69.53,7.32,1004.08,2.74,Synthetic Data - Grupo 7,2025-11-04T08:05:05.859054
12,9,2025-09-29T08:05:05.859085,24.38,81.11,17.0,1008.77,0.75,Synthetic Data - Grupo 7,2025-11-04T08:05:05.859116
13,3,2025-06-30T08:05:05.859146,18.29,45.67,9.3,1016.18,1.25,Synthetic Data - Grupo 7,2025-11-04T08:05:05.859175
14,10,2025-02-05T08:05:05.859205,27.25,96.68,1.76,1005.24,2.18,Synthetic Data - Grupo 7,2025-11-04T08:05:05.859234
15,7,2024-12-27T08:05:05.859265,19.08,77.42,0.37,1010.22,3.01,Synthetic Data - Grupo 7,2025-11-04T08:05:05.859293
16,15,2025-08-05T08:05:05.859324,17.2,100.0,5.57,1008.43,2.29,Synthetic Data - Grupo 7,2025-11-04T08:05:05.859354
17,17,2025-05-09T08:05:05.859389,15.04,76.39,8.8,1019.05,2.96,Synthetic Data - Grupo 7,2025-11-04T08:05:05.859418
18,15,2024-11-15T08:05:05.859450,31.82,82.43,18.62,1002.87,3.84,Synthetic Data - Grupo 7,2025-11-04T08:05:05.859479
19,19,2025-08-05T08:05:05.859510,20.71,82.6,1.02,1012.32,1.68,Synthetic Data - Grupo 7,2025-11-04T08:05:05.859539
20,1,2025-09-08T08:05:05.859570,24.42,82.48,1.37,1013.92,5.06,Synthetic Data - Grupo 7,2025-11-04T08:05:05.859599
21,5,2025-01-31T08:05:05.859629,19.08,73.43,0.64,1009.6,2.7,Synthetic Data - Grupo 7,2025-11-04T08:05:05.859658
22,14,2025-04-15T08:05:05.859689,22.25,86.45,3.12,1010.9,3.71,Synthetic Data - Grupo 7,2025-11-04T08:05:05.859717
23,4,2025-01-19T08:05:05.859748,25.01,81.34,3.88,1017.86,9.12,Synthetic Data - Grupo 7,2025-11-04T08:05:05.859776
24,2,2025-05-29T08:05:05.859807,25.57,79.93,2.46,1009.92,12.3,Synthetic Data - Grupo 7,2025-11-04T08:05:05.859835
25,5,2025-02-10T08:05:05.859866,27.2,68.37,11.79,1014.4,1.97,Synthetic Data - Grupo 7,2025-11-04T08:05:05.859896
26,8,2025-08-04T08:05:05.859928,22.05,82.74,0.63,1017.76,8.67,Synthetic Data - Grupo 7,2025-11-04T08:05:05.859957
27,4,2025-04-02T08:05:05.859988,21.85,83.15,0.98,1016.74,5.17,Synthetic Data - Grupo 7,2025-11-04T08:05:05.860050
28,16,2025-09-30T08:05:05.860081,31.39,61.13,2.08,1020.76,2.32,Synthetic Data - Grupo 7,2025-11-04T08:05:05.860109
29,9,2025-01-23T08:05:05.860140,25.06,83.96,8.76,1016.41,2.59,Synthetic Data - Grupo 7,2025-11-04T08:05:05.860168
30,12,2025-03-17T08:05:05.860199,22.94,84.76,15.71,1012.0,11.77,Synthetic Data - Grupo 7,2025-11-04T08:05:05.860227
31,16,2025-08-28T08:05:05.860261,19.97,51.79,5.58,1016.85,5.37,Synthetic Data - Grupo 7,2025-11-04T08:05:05.860289
32,13,2025-05-08T08:05:05.860320,21.5,69.87,3.99,1017.88,2.97,Synthetic Data - Grupo 7,2025-11-04T08:05:05.860380
33,18,2025-03-11T08:05:05.860461,27.06,61.54,4.81,1010.83,3.89,Synthetic Data - Grupo 7,2025-11-04T08:05:05.860534
34,2,2025-10-31T08:05:05.860606,17.09,71.19,4.35,1014.45,2.87,Synthetic Data - Grupo 7,2025-11-04T08:05:05.860661
35,4,2025-08-27T08:05:05.860719,24.18,97.91,2.37,1007.9,5.98,Synthetic Data - Grupo 7,2025-11-04T08:05:05.860772
36,3,2025-05-16T08:05:05.860837,24.91,65.67,0.29,1019.36,5.75,Synthetic Data - Grupo 7,2025-11-04T08:05:05.860893
37,17,2024-12-28T08:05:05.860956,12.18,87.14,8.1,1013.23,4.44,Synthetic Data - Grupo 7,2025-11-04T08:05:05.861013
38,16,2025-04-06T08:05:05.861082,27.37,70.82,3.7,1020.26,6.47,Synthetic Data - Grupo 7,2025-11-04T08:05:05.861165
39,3,2025-06-14T08:05:05.861261,26.83,73.14,15.93,1012.28,2.01,Synthetic Data - Grupo 7,2025-11-04T08:05:05.861301
40,8,2025-07-06T08:05:05.861342,24.21,49.67,2.18,1009.2,3.74,Synthetic Data - Grupo 7,2025-11-04T08:05:05.861375
41,17,2025-04-18T08:05:05.861526,29.75,61.35,5.77,1016.71,8.78,Synthetic Data - Grupo 7,2025-11-04T08:05:05.861562
42,18,2025-02-27T08:05:05.861598,30.9,62.96,21.82,1014.48,1.23,Synthetic Data - Grupo 7,2025-11-04T08:05:05.861628
43,17,2025-07-30T08:05:05.861668,26.71,98.67,6.93,1013.83,5.88,Synthetic Data - Grupo 7,2025-11-04T08:05:05.861698
44,10,2025-08-14T08:05:05.861734,23.43,46.01,0.69,1013.6,4.85,Synthetic Data - Grupo 7,2025-11-04T08:05:05.861764
45,17,2025-01-21T08:05:05.861795,24.99,63.61,3.23,1010.41,6.21,Synthetic Data - Grupo 7,2025-11-04T08:05:05.861840
46,12,2025-03-28T08:05:05.861875,27.07,90.13,3.27,1019.98,2.42,Synthetic Data - Grupo 7,2025-11-04T08:05:05.861905
47,11,2025-07-25T08:05:05.861936,30.29,43.62,2.49,1017.43,2.99,Synthetic Data - Grupo 7,2025-11-04T08:05:05.861965
48,6,2024-12-05T08:05:05.861996,33.14,49.3,9.92,1012.93,5.84,Synthetic Data - Grupo 7,2025-11-04T08:05:05.862026
49,5,2025-10-02T08:05:05.862057,17.38,88.09,1.17,1003.9,6.3,Synthetic Data - Grupo 7,2025-11-04T08:05:05.862086
50,16,2025-08-02T08:05:05.862121,33.06,57.81,0.99,1009.24,9.79,Synthetic Data - Grupo 7,2025-11-04T08:05:05.862150
51,18,2025-09-05T08:05:05.862181,22.35,58.11,0.97,1005.83,2.86,Synthetic Data - Grupo 7,2025-11-04T08:05:05.862210
52,14,2025-04-01T08:05:05.862240,24.49,70.63,8.03,1009.5,3.92,Synthetic Data - Grupo 7,2025-11-04T08:05:05.862269
53,16,2025-09-05T08:05:05.862300,25.91,58.37,21.44,1017.0,3.51,Synthetic Data - Grupo 7,2025-11-04T08:05:05.862330
54,14,2025-04-03T08:05:05.862362,23.74,71.91,0.8,1015.0,1.69,Synthetic Data - Grupo 7,2025-11-04T08:05:05.862391
55,11,2025-03-11T08:05:05.862422,19.15,45.11,0.55,1009.14,5.05,Synthetic Data - Grupo 7,2025-11-04T08:05:05.862451
56,17,2025-03-19T08:05:05.862482,25.38,56.87,1.33,1011.25,0.31,Synthetic Data - Grupo 7,2025-11-04T08:05:05.862510
57,9,2025-07-19T08:05:05.862541,37.87,60.64,6.67,1023.42,8.37,Synthetic Data - Grupo 7,2025-11-04T08:05:05.862569
58,10,2025-07-27T08:05:05.862601,31.98,50.36,4.23,1006.01,5.01,Synthetic Data - Grupo 7,2025-11-04T08:05:05.862631
59,6,2025-08-27T08:05:05.862662,21.75,62.69,1.03,1008.86,2.11,Synthetic Data - Grupo 7,2025-11-04T08:05:05.862691
60,3,2025-03-07T08:05:05.862721,28.99,72.18,0.03,1012.96,4.64,Synthetic Data - Grupo 7,2025-11-04T08:05:05.862750
61,2,2024-12-05T08:05:05.862780,16.27,100.0,9.12,1008.45,5.27,Synthetic Data - Grupo 7,2025-11-04T08:05:05.862810
62,12,2025-09-19T08:05:05.862840,29.94,81.46,0.46,1016.82,3.36,Synthetic Data - Grupo 7,2025-11-04T08:05:05.862871
63,3,2025-05-28T08:05:05.862903,21.26,37.92,3.98,1006.0,3.96,Synthetic Data - Grupo 7,2025-11-04T08:05:05.862932
64,20,2024-12-19T08:05:05.862963,24.64,54.64,4.66,1011.93,3.76,Synthetic Data - Grupo 7,2025-11-04T08:05:05.862991
65,12,2024-12-06T08:05:05.863022,22.46,51.37,13.05,1015.9,4.79,Synthetic Data - Grupo 7,2025-11-04T08:05:05.863051
66,3,2025-04-06T08:05:05.863113,22.13,59.79,5.02,1011.63,5.16,Synthetic Data - Grupo 7,2025-11-04T08:05:05.863141
67,18,2025-01-13T08:05:05.863172,33.86,64.02,11.5,1016.54,12.91,Synthetic Data - Grupo 7,2025-11-04T08:05:05.863201
68,1,2025-06-05T08:05:05.863234,18.95,45.8,3.79,1001.55,8.57,Synthetic Data - Grupo 7,2025-11-04T08:05:05.863263
69,19,2025-09-24T08:05:05.863294,26.69,63.77,4.84,1017.83,3.55,Synthetic Data - Grupo 7,2025-11-04T08:05:05.863322
70,6,2025-07-31T08:05:05.863356,29.85,80.81,0.77,1016.29,1.49,Synthetic Data - Grupo 7,2025-11-04T08:05:05.863385
71,10,2024-11-17T08:05:05.863415,25.44,55.79,2.38,1024.29,1.46,Synthetic Data - Grupo 7,2025-11-04T08:05:05.863444
72,8,2025-02-17T08:05:05.863474,12.14,64.22,7.39,1013.14,3.0,Synthetic Data - Grupo 7,2025-11-04T08:05:05.863503
73,11,2025-01-26T08:05:05.863533,19.71,62.31,11.95,1004.11,8.88,Synthetic Data - Grupo 7,2025-11-04T08:05:05.863562
74,14,2024-11-07T08:05:05.863592,26.4,53.12,3.52,1011.99,3.46,Synthetic Data - Grupo 7,2025-11-04T08:05:05.863621
75,12,2024-11-14T08:05:05.863652,21.99,89.53,0.36,1011.35,2.26,Synthetic Data - Grupo 7,2025-11-04T08:05:05.863681
76,4,2025-05-07T08:05:05.863711,22.63,84.28,1.87,1015.69,0.91,Synthetic Data - Grupo 7,2025-11-04T08:05:05.863740
77,9,2025-04-17T08:05:05.863771,19.94,45.18,3.85,1011.85,5.23,Synthetic Data - Grupo 7,2025-11-04T08:05:05.863799
78,2,2024-11-23T08:05:05.863832,17.49,66.09,3.01,1011.77,2.68,Synthetic Data - Grupo 7,2025-11-04T08:05:05.863860
79,6,2024-11-26T08:05:05.863891,30.19,59.53,1.63,1009.64,1.91,Synthetic Data - Grupo 7,2025-11-04T08:05:05.863920
80,17,2025-08-13T08:05:05.863951,36.38,45.56,9.85,1006.3,3.73,Synthetic Data - Grupo 7,2025-11-04T08:05:05.863980
81,13,2025-04-04T08:05:05.864011,31.75,65.06,2.15,1024.28,2.06,Synthetic Data - Grupo 7,2025-11-04T08:05:05.864042
82,16,2025-10-17T08:05:05.864074,31.94,30.11,2.91,1019.23,0.33,Synthetic Data - Grupo 7,2025-11-04T08:05:05.864103
83,1,2025-02-14T08:05:05.864134,17.96,58.33,5.16,1011.19,3.16,Synthetic Data - Grupo 7,2025-11-04T08:05:05.864162
84,18,2024-11-21T08:05:05.864193,31.11,37.39,1.46,1013.13,0.86,Synthetic Data - Grupo 7,2025-11-04T08:05:05.864222
85,15,2025-03-21T08:05:05.864253,27.5,54.2,1.36,1011.8,2.46,Synthetic Data - Grupo 7,2025-11-04T08:05:05.864281
86,14,2025-05-24T08:05:05.864312,23.62,54.14,1.96,1014.15,1.81,Synthetic Data - Grupo 7,2025-11-04T08:05:05.864341
87,19,2025-07-16T08:05:05.864372,26.63,51.23,2.74,1006.79,1.64,Synthetic Data - Grupo 7,2025-11-04T08:05:05.864401
88,12,2025-10-16T08:05:05.864431,18.6,96.32,4.02,1004.23,2.12,Synthetic Data - Grupo 7,2025-11-04T08:05:05.864460
89,12,2025-01-29T08:05:05.864494,25.83,55.36,21.12,1006.33,3.03,Synthetic Data - Grupo 7,2025-11-04T08:05:05.864523
90,17,2025-10-22T08:05:05.864554,29.35,85.86,2.58,1016.09,1.1,Synthetic Data - Grupo 7,2025-11-04T08:05:05.864582
91,13,2025-07-30T08:05:05.864613,16.85,78.28,4.04,1018.15,4.71,Synthetic Data - Grupo 7,2025-11-04T08:05:05.864642
92,10,2024-11-28T08:05:05.864673,26.28,84.74,4.59,1007.98,4.83,Synthetic Data - Grupo 7,2025-11-04T08:05:05.864702
93,14,2025-09-02T08:05:05.864733,26.86,68.22,1.02,1013.74,2.79,Synthetic Data - Grupo 7,2025-11-04T08:05:05.864761
94,11,2025-01-13T08:05:05.864797,29.12,68.13,6.39,1015.71,3.69,Synthetic Data - Grupo 7,2025-11-04T08:05:05.864837
95,5,2024-12-28T08:05:05.864870,28.04,47.21,0.26,1025.8,3.09,Synthetic Data - Grupo 7,2025-11-04T08:05:05.864899
96,2,2025-08-24T08:05:05.864930,25.9,64.98,3.42,1009.87,10.54,Synthetic Data - Grupo 7,2025-11-04T08:05:05.864959
97,3,2025-03-21T08:05:05.864990,29.93,61.08,16.36,1016.32,6.68,Synthetic Data - Grupo 7,2025-11-04T08:05:05.865018
98,12,2024-12-22T08:05:05.865049,31.42,80.34,6.44,1013.2,3.36,Synthetic Data - Grupo 7,2025-11-04T08:05:05.865078
99,12,2025-06-15T08:05:05.865109,23.58,71.83,5.54,1013.52,2.14,Synthetic Data - Grupo 7,2025-11-04T08:05:05.865138
100,7,2025-02-08T08:05:05.865169,26.79,61.19,1.07,1012.02,1.41,Synthetic Data - Grupo 7,2025-11-04T08:05:05.865197
101,20,2025-07-25T08:05:05.865228,25.48,63.07,1.31,1007.79,7.84,Synthetic Data - Grupo 7,2025-11-04T08:05:05.865257
102,12,2025-09-27T08:05:05.865288,27.06,41.05,7.82,1018.16,0.78,Synthetic Data - Grupo 7,2025-11-04T08:05:05.865318
103,10,2025-07-20T08:05:05.865353,25.41,85.98,13.99,1019.12,1.86,Synthetic Data - Grupo 7,2025-11-04T08:05:05.865382
104,12,2025-05-04T08:05:05.865413,16.97,78.52,2.54,1011.67,1.9,Synthetic Data - Grupo 7,2025-11-04T08:05:05.865442
105,1,2025-05-12T08:05:05.865472,23.5,57.93,1.69,1007.98,1.72,Synthetic Data - Grupo 7,2025-11-04T08:05:05.865501
106,1,2025-08-24T08:05:05.865532,23.77,56.75,0.66,1015.82,4.0,Synthetic Data - Grupo 7,2025-11-04T08:05:05.865561
107,2,2025-06-05T08:05:05.865592,29.64,68.54,2.57,1013.27,2.25,Synthetic Data - Grupo 7,2025-11-04T08:05:05.865620
108,14,2024-12-10T08:05:05.865651,27.99,68.08,0.19,1010.49,4.85,Synthetic Data - Grupo 7,2025-11-04T08:05:05.865680
109,9,2025-07-29T08:05:05.865714,30.97,79.47,1.51,1025.27,13.08,Synthetic Data - Grupo 7,2025-11-04T08:05:05.865744
110,9,2025-08-29T08:05:05.865776,21.67,57.4,10.5,1013.82,1.99,Synthetic Data - Grupo 7,2025-11-04T08:05:05.865805
111,2,2024-12-08T08:05:05.865836,23.06,68.96,13.41,1012.06,1.5,Synthetic Data - Grupo 7,2025-11-04T08:05:05.865865
112,6,2024-12-12T08:05:05.865896,29.87,66.47,3.8,1013.51,6.27,Synthetic Data - Grupo 7,2025-11-04T08:05:05.865924
113,8,2024-11-16T08:05:05.865955,25.18,86.56,6.62,1013.66,7.06,Synthetic Data - Grupo 7,2025-11-04T08:05:05.865984
114,16,2025-05-20T08:05:05.866015,25.32,52.47,13.3,1009.29,4.22,Synthetic Data - Grupo 7,2025-11-04T08:05:05.866043
115,5,2025-03-15T08:05:05.866074,21.85,69.38,10.56,1015.78,3.96,Synthetic Data - Grupo 7,2025-11-04T08:05:05.866102
116,2,2025-04-13T08:05:05.866133,24.24,57.84,1.07,1017.31,2.73,Synthetic Data - Grupo 7,2025-11-04T08:05:05.866161
117,8,2025-03-27T08:05:05.866191,22.03,66.68,1.67,1013.95,3.21,Synthetic Data - Grupo 7,2025-11-04T08:05:05.866220
118,15,2025-03-28T08:05:05.866250,23.35,81.56,0.95,1016.38,4.77,Synthetic Data - Grupo 7,2025-11-04T08:05:05.866279
119,1,2025-10-14T08:05:05.866312,21.98,62.8,10.26,1013.64,2.09,Synthetic Data - Grupo 7,2025-11-04T08:05:05.866341
120,7,2025-10-07T08:05:05.866372,26.89,93.48,5.75,1012.67,2.39,Synthetic Data - Grupo 7,2025-11-04T08:05:05.866401
121,13,2025-09-27T08:05:05.866432,31.49,71.62,1.77,1015.32,5.06,Synthetic Data - Grupo 7,2025-11-04T08:05:05.866463
122,11,2025-10-09T08:05:05.866493,15.77,61.5,1.93,1017.71,6.08,Synthetic Data - Grupo 7,2025-11-04T08:05:05.866522
123,17,2025-01-28T08:05:05.866553,27.51,95.81,3.19,1006.92,3.75,Synthetic Data - Grupo 7,2025-11-04T08:05:05.866582
124,8,2025-08-18T08:05:05.866615,33.13,32.78,0.09,1009.75,6.39,Synthetic Data - Grupo 7,2025-11-04T08:05:05.866646
125,3,2025-09-20T08:05:05.866677,33.19,92.52,1.42,1005.57,4.22,Synthetic Data - Grupo 7,2025-11-04T08:05:05.866706
126,2,2024-11-26T08:05:05.866736,26.48,69.39,0.81,1022.81,2.43,Synthetic Data - Grupo 7,2025-11-04T08:05:05.866765
127,15,2025-08-02T08:05:05.866797,29.51,89.12,7.07,1017.7,6.03,Synthetic Data - Grupo 7,2025-11-04T08:05:05.866825
128,12,2025-09-20T08:05:05.866859,24.98,52.62,4.81,1015.62,10.37,Synthetic Data - Grupo 7,2025-11-04T08:05:05.866888
129,1,2025-11-03T08:05:05.866919,30.12,71.37,0.43,1010.64,6.95,Synthetic Data - Grupo 7,2025-11-04T08:05:05.866948
130,6,2024-11-11T08:05:05.866980,28.16,55.32,8.61,1013.51,2.67,Synthetic Data - Grupo 7,2025-11-04T08:05:05.867009
131,3,2025-07-05T08:05:05.867040,25.3,60.3,6.17,1014.97,5.42,Synthetic Data - Grupo 7,2025-11-04T08:05:05.867068
132,15,2025-02-27T08:05:05.867099,35.58,66.92,4.03,1019.76,4.68,Synthetic Data - Grupo 7,2025-11-04T08:05:05.867127
133,9,2025-05-01T08:05:05.867158,23.15,73.07,0.31,1009.74,2.23,Synthetic Data - Grupo 7,2025-11-04T08:05:05.867187
134,19,2025-09-11T08:05:05.867217,33.36,66.94,10.27,1010.19,3.13,Synthetic Data - Grupo 7,2025-11-04T08:05:05.867246
135,6,2025-04-08T08:05:05.867276,25.19,71.8,1.11,1010.49,3.91,Synthetic Data - Grupo 7,2025-11-04T08:05:05.867305
136,1,2024-12-08T08:05:05.867336,30.66,65.88,4.95,1017.37,5.74,Synthetic Data - Grupo 7,2025-11-04T08:05:05.867365
137,18,2025-05-12T08:05:05.867395,37.97,76.18,0.15,1020.84,0.73,Synthetic Data - Grupo 7,2025-11-04T08:05:05.867424
138,4,2025-02-16T08:05:05.867454,20.56,49.55,2.42,1019.23,3.02,Synthetic Data - Grupo 7,2025-11-04T08:05:05.867483
139,8,2025-07-28T08:05:05.867514,26.62,65.63,3.39,1015.72,2.47,Synthetic Data - Grupo 7,2025-11-04T08:05:05.867542
140,7,2025-08-13T08:05:05.867573,19.22,74.79,2.48,1006.53,7.32,Synthetic Data - Grupo 7,2025-11-04T08:05:05.867602
141,4,2025-01-08T08:05:05.867633,21.17,58.6,10.76,1003.41,1.91,Synthetic Data - Grupo 7,2025-11-04T08:05:05.867661
142,12,2024-11-20T08:05:05.867692,24.18,52.82,4.43,1006.52,0.75,Synthetic Data - Grupo 7,2025-11-04T08:05:05.867721
143,15,2025-04-15T08:05:05.867751,31.07,68.66,8.19,1018.15,3.99,Synthetic Data - Grupo 7,2025-11-04T08:05:05.867780
144,20,2024-12-06T08:05:05.867811,25.24,59.69,13.79,1016.66,3.13,Synthetic Data - Grupo 7,2025-11-04T08:05:05.867840
145,17,2025-05-10T08:05:05.867874,29.58,75.2,3.03,1002.5,18.13,Synthetic Data - Grupo 7,2025-11-04T08:05:05.867906
146,20,2025-06-07T08:05:05.867938,20.31,79.66,5.6,1009.88,11.12,Synthetic Data - Grupo 7,2025-11-04T08:05:05.867967
147,15,2025-01-19T08:05:05.867997,24.49,69.6,1.4,1013.92,3.78,Synthetic Data - Grupo 7,2025-11-04T08:05:05.868026
148,8,2024-11-25T08:05:05.868060,30.53,87.81,1.21,1007.55,9.57,Synthetic Data - Grupo 7,2025-11-04T08:05:05.868090
149,2,2025-04-27T08:05:05.868120,30.03,66.21,7.63,1021.07,4.65,Synthetic Data - Grupo 7,2025-11-04T08:05:05.868149
150,6,2025-06-26T08:05:05.868188,30.23,78.55,7.18,1011.51,8.3,Synthetic Data - Grupo 7,2025-11-04T08:05:05.868217
151,7,2025-08-08T08:05:05.868247,30.55,48.07,4.71,1002.9,6.94,Synthetic Data - Grupo 7,2025-11-04T08:05:05.868276
152,1,2025-01-04T08:05:05.868307,14.24,96.52,0.07,1007.06,4.21,Synthetic Data - Grupo 7,2025-11-04T08:05:05.868336
153,2,2025-02-13T08:05:05.868366,29.91,65.13,3.66,1010.73,3.28,Synthetic Data - Grupo 7,2025-11-04T08:05:05.868395
154,12,2025-06-25T08:05:05.868426,32.23,42.64,3.81,1019.92,5.01,Synthetic Data - Grupo 7,2025-11-04T08:05:05.868455
155,18,2024-11-06T08:05:05.868485,28.79,74.22,1.4,1012.06,4.97,Synthetic Data - Grupo 7,2025-11-04T08:05:05.868514
156,4,2025-09-14T08:05:05.868544,27.61,73.1,3.8,1008.86,3.77,Synthetic Data - Grupo 7,2025-11-04T08:05:05.868573
157,2,2025-08-20T08:05:05.868604,20.09,66.63,1.0,1008.15,4.97,Synthetic Data - Grupo 7,2025-11-04T08:05:05.868633
158,7,2024-12-28T08:05:05.868663,22.17,77.92,12.49,1008.89,2.96,Synthetic Data - Grupo 7,2025-11-04T08:05:05.868693
159,12,2025-05-16T08:05:05.868723,27.36,72.09,4.6,1013.24,3.44,Synthetic Data - Grupo 7,2025-11-04T08:05:05.868752
160,9,2025-02-07T08:05:05.868782,17.99,96.24,9.16,1011.62,5.67,Synthetic Data - Grupo 7,2025-11-04T08:05:05.868812
161,5,2025-08-29T08:05:05.868843,29.01,61.59,2.76,1009.63,4.11,Synthetic Data - Grupo 7,2025-11-04T08:05:05.868872
162,1,2025-03-08T08:05:05.868902,22.76,61.21,10.17,1025.34,0.45,Synthetic Data - Grupo 7,2025-11-04T08:05:05.868931
163,5,2025-06-15T08:05:05.868961,21.5,60.36,5.08,1016.67,0.92,Synthetic Data - Grupo 7,2025-11-04T08:05:05.868990
164,2,2024-12-20T08:05:05.869020,27.07,58.42,2.59,1021.39,2.1,Synthetic Data - Grupo 7,2025-11-04T08:05:05.869048
165,7,2025-01-29T08:05:05.869079,27.84,94.43,1.6,1007.5,1.81,Synthetic Data - Grupo 7,2025-11-04T08:05:05.869108
166,4,2025-02-09T08:05:05.869138,21.2,70.5,8.06,1014.17,0.71,Synthetic Data - Grupo 7,2025-11-04T08:05:05.869169
167,18,2025-08-30T08:05:05.869204,15.03,75.61,2.02,1016.47,11.31,Synthetic Data - Grupo 7,2025-11-04T08:05:05.869233
168,20,2025-02-14T08:05:05.869264,20.88,72.42,16.31,1019.56,5.47,Synthetic Data - Grupo 7,2025-11-04T08:05:05.869292
169,10,2025-05-31T08:05:05.869323,32.92,65.4,2.14,1018.46,5.17,Synthetic Data - Grupo 7,2025-11-04T08:05:05.869351
170,13,2025-01-30T08:05:05.869385,19.54,65.25,24.45,1013.36,5.78,Synthetic Data - Grupo 7,2025-11-04T08:05:05.869414
171,20,2025-03-19T08:05:05.869445,26.49,85.03,3.53,1011.55,2.39,Synthetic Data - Grupo 7,2025-11-04T08:05:05.869474
172,9,2024-11-29T08:05:05.869504,18.9,59.22,3.56,1010.25,5.9,Synthetic Data - Grupo 7,2025-11-04T08:05:05.869533
173,18,2024-12-29T08:05:05.869564,27.25,62.04,4.27,1003.03,7.57,Synthetic Data - Grupo 7,2025-11-04T08:05:05.869593
174,17,2025-09-24T08:05:05.869626,35.96,80.21,5.61,1021.87,4.05,Synthetic Data - Grupo 7,2025-11-04T08:05:05.869654
175,7,2025-10-22T08:05:05.869685,24.13,58.66,0.95,1007.82,8.0,Synthetic Data - Grupo 7,2025-11-04T08:05:05.869714
176,10,2025-10-11T08:05:05.869745,21.39,100.0,1.88,1007.88,4.17,Synthetic Data - Grupo 7,2025-11-04T08:05:05.869773
177,14,2025-10-11T08:05:05.869804,21.0,75.27,3.25,1005.09,3.43,Synthetic Data - Grupo 7,2025-11-04T08:05:05.869832
178,12,2025-01-21T08:05:05.869863,26.21,55.46,13.78,1011.13,5.25,Synthetic Data - Grupo 7,2025-11-04T08:05:05.869891
179,11,2025-02-24T08:05:05.869922,16.72,88.85,2.44,1006.34,4.1,Synthetic Data - Grupo 7,2025-11-04T08:05:05.869950
180,11,2025-05-11T08:05:05.869981,25.74,64.94,20.58,1010.18,2.38,Synthetic Data - Grupo 7,2025-11-04T08:05:05.870010
181,14,2025-02-15T08:05:05.870040,23.06,72.56,3.56,1005.33,6.29,Synthetic Data - Grupo 7,2025-11-04T08:05:05.870069
182,6,2025-03-19T08:05:05.870099,29.39,80.1,2.59,1006.64,8.15,Synthetic Data - Grupo 7,2025-11-04T08:05:05.870138
183,14,2025-03-21T08:05:05.870172,27.09,68.47,1.43,1011.84,1.3,Synthetic Data - Grupo 7,2025-11-04T08:05:05.870202
184,10,2024-12-26T08:05:05.870244,27.29,52.1,1.95,1015.08,6.96,Synthetic Data - Grupo 7,2025-11-04T08:05:05.870275
185,5,2025-05-16T08:05:05.870307,24.39,63.47,1.55,1012.95,12.97,Synthetic Data - Grupo 7,2025-11-04T08:05:05.870335
186,4,2025-10-02T08:05:05.870366,30.84,57.06,3.23,1006.14,0.66,Synthetic Data - Grupo 7,2025-11-04T08:05:05.870395
187,10,2025-07-15T08:05:05.870430,30.71,53.19,2.88,1016.39,2.23,Synthetic Data - Grupo 7,2025-11-04T08:05:05.870459
188,8,2025-02-01T08:05:05.870493,24.91,89.68,2.44,1005.45,2.67,Synthetic Data - Grupo 7,2025-11-04T08:05:05.870522
189,13,2025-08-28T08:05:05.870553,25.44,95.83,5.7,1011.17,3.83,Synthetic Data - Grupo 7,2025-11-04T08:05:05.870582
190,17,2025-06-25T08:05:05.870613,12.83,72.79,3.1,1007.62,0.53,Synthetic Data - Grupo 7,2025-11-04T08:05:05.870641
191,8,2024-12-20T08:05:05.870672,21.01,67.83,3.61,1013.87,4.01,Synthetic Data - Grupo 7,2025-11-04T08:05:05.870701
192,9,2025-09-17T08:05:05.870731,20.69,56.79,0.36,1012.86,5.05,Synthetic Data - Grupo 7,2025-11-04T08:05:05.870760
193,10,2025-06-09T08:05:05.870791,24.63,53.99,0.6,1017.16,3.26,Synthetic Data - Grupo 7,2025-11-04T08:05:05.870819
194,2,2025-10-25T08:05:05.870852,20.85,73.03,2.36,1002.17,6.53,Synthetic Data - Grupo 7,2025-11-04T08:05:05.870881
195,20,2025-04-06T08:05:05.870912,24.77,100.0,0.06,1016.73,2.49,Synthetic Data - Grupo 7,2025-11-04T08:05:05.870940
196,15,2025-10-18T08:05:05.870974,18.79,79.08,19.17,1014.86,9.4,Synthetic Data - Grupo 7,2025-11-04T08:05:05.871035
197,11,2025-02-22T08:05:05.871066,26.63,70.45,13.85,1015.0,1.92,Synthetic Data - Grupo 7,2025-11-04T08:05:05.871095
198,15,2025-08-09T08:05:05.871126,20.13,43.41,7.1,1016.3,8.58,Synthetic Data - Grupo 7,2025-11-04T08:05:05.871155
199,7,2025-07-20T08:05:05.871186,31.45,80.1,0.87,1011.75,3.28,Synthetic Data - Grupo 7,2025-11-04T08:05:05.871215
200,5,2025-11-02T08:05:05.871245,31.44,63.66,1.14,1021.35,4.46,Synthetic Data - Grupo 7,2025-11-04T08:05:05.871274
201,2,2025-07-16T08:05:05.871304,26.39,91.82,0.03,1009.08,5.3,Synthetic Data - Grupo 7,2025-11-04T08:05:05.871333
202,20,2025-08-22T08:05:05.871366,28.17,77.13,3.18,1007.64,3.35,Synthetic Data - Grupo 7,2025-11-04T08:05:05.871394
203,4,2025-10-16T08:05:05.871425,21.61,80.08,0.74,1011.03,2.38,Synthetic Data - Grupo 7,2025-11-04T08:05:05.871454
204,17,2025-07-09T08:05:05.871484,25.15,86.13,6.43,1011.9,2.58,Synthetic Data - Grupo 7,2025-11-04T08:05:05.871513
205,2,2025-05-31T08:05:05.871543,21.88,82.42,8.72,1008.91,3.32,Synthetic Data - Grupo 7,2025-11-04T08:05:05.871572
206,13,2025-08-21T08:05:05.871606,28.48,84.33,7.77,999.13,5.86,Synthetic Data - Grupo 7,2025-11-04T08:05:05.871635
207,17,2025-05-06T08:05:05.871666,21.81,50.33,0.32,1016.09,5.48,Synthetic Data - Grupo 7,2025-11-04T08:05:05.871694
208,13,2025-05-28T08:05:05.871726,34.31,53.85,7.7,1011.87,1.42,Synthetic Data - Grupo 7,2025-11-04T08:05:05.871754
209,11,2024-11-11T08:05:05.871785,34.42,93.15,1.02,1005.95,1.13,Synthetic Data - Grupo 7,2025-11-04T08:05:05.871816
210,17,2024-11-20T08:05:05.871848,22.36,81.57,3.65,1014.62,2.97,Synthetic Data - Grupo 7,2025-11-04T08:05:05.871877
211,14,2025-08-28T08:05:05.871909,23.16,76.03,8.11,1007.15,0.06,Synthetic Data - Grupo 7,2025-11-04T08:05:05.871937
212,4,2025-07-02T08:05:05.871968,24.86,96.58,2.87,1017.5,5.77,Synthetic Data - Grupo 7,2025-11-04T08:05:05.871996
213,12,2025-05-01T08:05:05.872027,28.64,67.38,3.19,1008.23,1.43,Synthetic Data - Grupo 7,2025-11-04T08:05:05.872055
214,10,2024-12-04T08:05:05.872086,19.65,40.95,9.31,1009.41,2.23,Synthetic Data - Grupo 7,2025-11-04T08:05:05.872115
215,11,2025-08-13T08:05:05.872146,30.27,100.0,2.12,1018.36,1.78,Synthetic Data - Grupo 7,2025-11-04T08:05:05.872174
216,15,2025-05-29T08:05:05.872205,26.24,71.31,4.11,1005.19,2.15,Synthetic Data - Grupo 7,2025-11-04T08:05:05.872234
217,18,2025-08-28T08:05:05.872264,19.45,78.51,4.17,1015.33,3.24,Synthetic Data - Grupo 7,2025-11-04T08:05:05.872293
218,9,2025-05-28T08:05:05.872323,22.87,61.87,1.44,1014.0,7.27,Synthetic Data - Grupo 7,2025-11-04T08:05:05.872352
219,2,2025-10-08T08:05:05.872382,23.52,72.28,6.15,1008.86,3.56,Synthetic Data - Grupo 7,2025-11-04T08:05:05.872411
220,1,2024-12-10T08:05:05.872441,27.18,83.56,3.1,1021.85,1.31,Synthetic Data - Grupo 7,2025-11-04T08:05:05.872470
221,15,2025-01-15T08:05:05.872504,24.09,90.62,0.27,1009.86,5.14,Synthetic Data - Grupo 7,2025-11-04T08:05:05.872533
222,20,2025-06-04T08:05:05.872564,30.81,58.47,3.66,1014.62,2.72,Synthetic Data - Grupo 7,2025-11-04T08:05:05.872592
223,14,2025-05-21T08:05:05.872623,29.42,68.83,3.87,1008.13,3.32,Synthetic Data - Grupo 7,2025-11-04T08:05:05.872651
224,18,2025-04-22T08:05:05.872682,15.85,73.01,7.87,1022.37,6.97,Synthetic Data - Grupo 7,2025-11-04T08:05:05.872710
225,15,2025-03-12T08:05:05.872741,18.9,71.77,5.95,1009.78,6.76,Synthetic Data - Grupo 7,2025-11-04T08:05:05.872770
226,3,2025-01-26T08:05:05.872803,23.33,63.95,1.02,1014.49,5.71,Synthetic Data - Grupo 7,2025-11-04T08:05:05.872832
227,4,2025-03-04T08:05:05.872863,20.7,87.14,22.29,1007.71,3.23,Synthetic Data - Grupo 7,2025-11-04T08:05:05.872892
228,2,2025-02-18T08:05:05.872922,20.69,75.45,5.81,1010.49,4.99,Synthetic Data - Grupo 7,2025-11-04T08:05:05.872951
229,3,2025-04-30T08:05:05.872982,18.71,54.86,12.52,1014.43,2.34,Synthetic Data - Grupo 7,2025-11-04T08:05:05.873011
230,2,2024-11-06T08:05:05.873042,14.39,60.88,3.41,1010.51,6.61,Synthetic Data - Grupo 7,2025-11-04T08:05:05.873071
231,1,2025-05-26T08:05:05.873108,23.04,56.16,2.99,1016.82,7.75,Synthetic Data - Grupo 7,2025-11-04T08:05:05.873137
232,17,2024-12-15T08:05:05.873168,27.15,75.74,1.46,1011.41,1.88,Synthetic Data - Grupo 7,2025-11-04T08:05:05.873197
233,15,2025-04-18T08:05:05.873228,29.34,64.33,1.21,1010.03,2.86,Synthetic Data - Grupo 7,2025-11-04T08:05:05.873256
234,14,2025-06-16T08:05:05.873290,24.01,74.5,8.24,1017.3,4.31,Synthetic Data - Grupo 7,2025-11-04T08:05:05.873318
235,2,2025-09-20T08:05:05.873349,30.54,68.19,3.96,1014.26,3.17,Synthetic Data - Grupo 7,2025-11-04T08:05:05.873378
236,20,2025-01-28T08:05:05.873409,22.97,68.99,16.94,1014.94,1.84,Synthetic Data - Grupo 7,2025-11-04T08:05:05.873437
237,3,2025-02-03T08:05:05.873468,29.44,62.1,1.65,1014.84,10.69,Synthetic Data - Grupo 7,2025-11-04T08:05:05.873497
238,9,2024-12-20T08:05:05.873528,16.5,77.92,8.7,1016.28,9.04,Synthetic Data - Grupo 7,2025-11-04T08:05:05.873556
239,8,2025-11-03T08:05:05.873587,29.75,95.66,11.14,1016.67,1.92,Synthetic Data - Grupo 7,2025-11-04T08:05:05.873616
240,3,2025-02-11T08:05:05.873646,21.33,70.54,8.9,1008.36,3.99,Synthetic Data - Grupo 7,2025-11-04T08:05:05.873675
241,9,2024-12-16T08:05:05.873706,22.41,73.62,12.08,1007.4,3.06,Synthetic Data - Grupo 7,2025-11-04T08:05:05.873734
242,20,2025-08-04T08:05:05.873765,32.16,65.93,5.1,1008.94,4.44,Synthetic Data - Grupo 7,2025-11-04T08:05:05.873793
243,12,2025-08-30T08:05:05.873824,27.12,72.15,4.59,1013.22,9.9,Synthetic Data - Grupo 7,2025-11-04T08:05:05.873853
244,6,2025-04-05T08:05:05.873883,21.29,50.2,3.2,1011.9,0.34,Synthetic Data - Grupo 7,2025-11-04T08:05:05.873912
245,3,2025-03-13T08:05:05.873946,37.42,59.46,3.85,1014.49,4.14,Synthetic Data - Grupo 7,2025-11-04T08:05:05.873974
246,7,2024-11-29T08:05:05.874005,17.75,65.25,2.53,1010.1,6.06,Synthetic Data - Grupo 7,2025-11-04T08:05:05.874034
247,19,2025-09-07T08:05:05.874068,30.38,70.32,3.4,1011.0,1.92,Synthetic Data - Grupo 7,2025-11-04T08:05:05.874097
248,12,2025-10-17T08:05:05.874129,29.16,67.28,6.26,1005.09,6.22,Synthetic Data - Grupo 7,2025-11-04T08:05:05.874159
249,7,2025-02-28T08:05:05.874190,28.44,76.29,0.01,1017.05,4.91,Synthetic Data - Grupo 7,2025-11-04T08:05:05.874219
250,20,2024-12-02T08:05:05.874250,29.09,51.92,8.06,1009.65,4.07,Synthetic Data - Grupo 7,2025-11-04T08:05:05.874279
251,8,2025-08-13T08:05:05.874309,23.97,82.87,1.94,1010.37,8.93,Synthetic Data - Grupo 7,2025-11-04T08:05:05.874338
252,10,2025-01-02T08:05:05.874371,24.51,70.28,5.05,1014.03,5.7,Synthetic Data - Grupo 7,2025-11-04T08:05:05.874400
253,20,2025-06-03T08:05:05.874431,26.05,95.3,8.83,1014.58,11.04,Synthetic Data - Grupo 7,2025-11-04T08:05:05.874459
254,13,2024-11-13T08:05:05.874490,25.8,54.58,2.1,1017.28,7.88,Synthetic Data - Grupo 7,2025-11-04T08:05:05.874519
255,11,2025-06-12T08:05:05.874550,21.31,67.48,3.91,1014.31,6.85,Synthetic Data - Grupo 7,2025-11-04T08:05:05.874578
256,3,2025-04-24T08:05:05.874609,15.9,59.6,4.36,1019.52,0.62,Synthetic Data - Grupo 7,2025-11-04T08:05:05.874638
257,1,2025-05-22T08:05:05.874668,18.67,70.66,5.19,1012.23,4.57,Synthetic Data - Grupo 7,2025-11-04T08:05:05.874697
258,18,2025-07-02T08:05:05.874728,20.67,73.13,9.39,1019.11,3.63,Synthetic Data - Grupo 7,2025-11-04T08:05:05.874756
259,6,2024-12-19T08:05:05.874787,25.14,76.27,0.73,1012.43,2.94,Synthetic Data - Grupo 7,2025-11-04T08:05:05.874816
260,10,2025-09-15T08:05:05.874847,15.98,64.68,11.52,1016.48,2.54,Synthetic Data - Grupo 7,2025-11-04T08:05:05.874876
261,9,2025-01-24T08:05:05.874906,17.3,47.71,2.08,1007.03,3.72,Synthetic Data - Grupo 7,2025-11-04T08:05:05.874935
262,2,2024-11-05T08:05:05.874966,28.19,77.51,2.9,1007.68,1.55,Synthetic Data - Grupo 7,2025-11-04T08:05:05.874995
263,17,2024-11-29T08:05:05.875026,18.69,57.02,16.97,1003.1,5.66,Synthetic Data - Grupo 7,2025-11-04T08:05:05.875055
264,3,2025-07-17T08:05:05.875086,22.39,78.47,7.63,1008.49,6.89,Synthetic Data - Grupo 7,2025-11-04T08:05:05.875115
265,19,2025-05-24T08:05:05.875149,21.53,76.82,9.57,1015.62,4.08,Synthetic Data - Grupo 7,2025-11-04T08:05:05.875177
266,2,2025-02-11T08:05:05.875208,22.03,38.53,0.19,1014.63,9.56,Synthetic Data - Grupo 7,2025-11-04T08:05:05.875237
267,20,2025-09-20T08:05:05.875268,25.09,79.81,0.49,1012.74,9.62,Synthetic Data - Grupo 7,2025-11-04T08:05:05.875296
268,4,2025-07-26T08:05:05.875327,38.37,84.35,2.91,1016.71,3.84,Synthetic Data - Grupo 7,2025-11-04T08:05:05.875357
269,17,2025-05-10T08:05:05.875387,24.47,84.33,2.93,1020.59,9.91,Synthetic Data - Grupo 7,2025-11-04T08:05:05.875416
270,3,2025-09-18T08:05:05.875455,19.88,58.08,1.87,1017.43,5.81,Synthetic Data - Grupo 7,2025-11-04T08:05:05.875484
271,11,2024-12-17T08:05:05.875518,21.14,76.11,1.78,1018.73,2.14,Synthetic Data - Grupo 7,2025-11-04T08:05:05.875547
272,15,2025-05-26T08:05:05.875581,22.32,82.85,0.07,1016.63,4.85,Synthetic Data - Grupo 7,2025-11-04T08:05:05.875610
273,5,2025-06-17T08:05:05.875641,29.0,81.31,5.37,1015.92,4.63,Synthetic Data - Grupo 7,2025-11-04T08:05:05.875669
274,8,2025-10-13T08:05:05.875707,20.9,69.64,2.62,1009.62,2.97,Synthetic Data - Grupo 7,2025-11-04T08:05:05.875737
275,3,2025-05-01T08:05:05.875768,33.63,80.08,0.03,1009.42,4.28,Synthetic Data - Grupo 7,2025-11-04T08:05:05.875797
276,16,2024-11-12T08:05:05.875828,16.96,58.56,1.32,1017.36,1.96,Synthetic Data - Grupo 7,2025-11-04T08:05:05.875857
277,7,2025-09-13T08:05:05.875888,25.86,88.04,1.24,1020.41,2.24,Synthetic Data - Grupo 7,2025-11-04T08:05:05.875916
278,10,2025-10-26T08:05:05.875947,26.1,89.34,5.07,1000.38,10.48,Synthetic Data - Grupo 7,2025-11-04T08:05:05.875976
279,15,2025-10-14T08:05:05.876006,19.96,72.52,12.43,1009.52,9.19,Synthetic Data - Grupo 7,2025-11-04T08:05:05.876035
280,2,2024-12-02T08:05:05.876065,27.78,82.18,1.58,1008.65,2.81,Synthetic Data - Grupo 7,2025-11-04T08:05:05.876094
281,18,2025-08-01T08:05:05.876125,29.42,73.14,4.38,1002.63,2.34,Synthetic Data - Grupo 7,2025-11-04T08:05:05.876153
282,11,2025-07-07T08:05:05.876184,18.27,57.71,9.25,1018.14,1.9,Synthetic Data - Grupo 7,2025-11-04T08:05:05.876212
283,13,2025-08-14T08:05:05.876243,23.87,81.34,16.63,1014.33,2.04,Synthetic Data - Grupo 7,2025-11-04T08:05:05.876271
284,1,2024-12-24T08:05:05.876305,32.11,83.89,0.02,1015.61,1.64,Synthetic Data - Grupo 7,2025-11-04T08:05:05.876334
285,1,2025-10-12T08:05:05.876364,19.72,85.88,0.56,1016.08,7.51,Synthetic Data - Grupo 7,2025-11-04T08:05:05.876393
286,5,2025-01-05T08:05:05.876423,29.92,65.37,3.23,1014.44,1.61,Synthetic Data - Grupo 7,2025-11-04T08:05:05.876452
287,9,2025-10-23T08:05:05.876483,31.18,65.2,9.5,1016.11,1.17,Synthetic Data - Grupo 7,2025-11-04T08:05:05.876512
288,1,2025-07-28T08:05:05.876542,29.85,94.03,1.75,1014.88,1.5,Synthetic Data - Grupo 7,2025-11-04T08:05:05.876571
289,6,2025-06-09T08:05:05.876601,23.28,99.47,4.33,1018.01,4.85,Synthetic Data - Grupo 7,2025-11-04T08:05:05.876632
290,12,2025-01-06T08:05:05.876663,17.37,52.99,0.1,1011.86,1.37,Synthetic Data - Grupo 7,2025-11-04T08:05:05.876692
291,15,2025-07-26T08:05:05.876723,37.06,81.77,0.05,1015.69,3.23,Synthetic Data - Grupo 7,2025-11-04T08:05:05.876751
292,6,2024-12-19T08:05:05.876782,30.27,59.15,7.41,1015.19,3.38,Synthetic Data - Grupo 7,2025-11-04T08:05:05.876810
293,10,2025-05-02T08:05:05.876841,17.38,49.7,1.0,1003.56,1.79,Synthetic Data - Grupo 7,2025-11-04T08:05:05.876869
294,7,2025-03-06T08:05:05.876972,29.78,98.79,4.2,1015.96,11.57,Synthetic Data - Grupo 7,2025-11-04T08:05:05.877004
295,19,2025-05-29T08:05:05.877037,25.87,73.66,7.58,1001.63,1.45,Synthetic Data - Grupo 7,2025-11-04T08:05:05.877067
296,3,2025-06-01T08:05:05.877099,24.48,45.35,6.88,1009.52,3.23,Synthetic Data - Grupo 7,2025-11-04T08:05:05.877127
297,9,2025-07-09T08:05:05.877158,27.69,70.77,0.39,1006.7,1.98,Synthetic Data - Grupo 7,2025-11-04T08:05:05.877187
298,10,2025-10-10T08:05:05.877223,22.7,82.97,1.62,1013.11,4.41,Synthetic Data - Grupo 7,2025-11-04T08:05:05.877253
299,11,2024-12-19T08:05:05.877284,28.19,66.45,1.72,1017.94,3.14,Synthetic Data - Grupo 7,2025-11-04T08:05:05.877315
300,18,2025-01-27T08:05:05.877347,20.82,100.0,0.72,1013.19,5.08,Synthetic Data - Grupo 7,2025-11-04T08:05:05.877377
301,14,2025-01-15T08:05:05.877411,18.46,72.87,3.07,1018.44,3.83,Synthetic Data - Grupo 7,2025-11-04T08:05:05.877518
302,13,2025-03-15T08:05:05.877671,20.81,76.04,26.47,1001.12,5.13,Synthetic Data - Grupo 7,2025-11-04T08:05:05.877777
303,9,2025-02-06T08:05:05.877900,24.85,100.0,2.61,1013.16,5.22,Synthetic Data - Grupo 7,2025-11-04T08:05:05.877967
304,5,2025-08-08T08:05:05.878034,20.89,89.75,5.99,1015.63,3.03,Synthetic Data - Grupo 7,2025-11-04T08:05:05.878085
305,8,2025-06-17T08:05:05.878128,27.04,77.93,1.86,1011.8,0.72,Synthetic Data - Grupo 7,2025-11-04T08:05:05.878167
306,20,2025-08-09T08:05:05.878206,27.81,76.26,4.62,1015.32,4.95,Synthetic Data - Grupo 7,2025-11-04T08:05:05.878241
307,10,2025-02-23T08:05:05.878279,18.75,79.07,1.94,1015.35,5.54,Synthetic Data - Grupo 7,2025-11-04T08:05:05.878364
308,5,2025-06-03T08:05:05.878408,24.9,62.7,5.43,1011.21,1.93,Synthetic Data - Grupo 7,2025-11-04T08:05:05.878442
309,2,2025-06-29T08:05:05.878479,18.28,45.95,7.02,1003.67,6.67,Synthetic Data - Grupo 7,2025-11-04T08:05:05.878513
310,20,2024-11-21T08:05:05.878554,15.15,83.39,5.34,1009.45,2.02,Synthetic Data - Grupo 7,2025-11-04T08:05:05.878589
311,20,2024-11-27T08:05:05.878626,17.37,70.49,0.2,1010.96,5.44,Synthetic Data - Grupo 7,2025-11-04T08:05:05.878661
312,5,2025-02-22T08:05:05.878698,34.88,46.54,3.64,1008.97,6.47,Synthetic Data - Grupo 7,2025-11-04T08:05:05.878732
313,15,2024-12-13T08:05:05.878768,23.42,86.55,7.2,1005.91,3.92,Synthetic Data - Grupo 7,2025-11-04T08:05:05.878803
314,16,2025-06-11T08:05:05.878840,22.85,71.3,5.05,1005.97,1.46,Synthetic Data - Grupo 7,2025-11-04T08:05:05.878874
315,1,2025-04-24T08:05:05.878910,21.74,88.2,8.71,998.38,7.7,Synthetic Data - Grupo 7,2025-11-04T08:05:05.878944
316,20,2025-01-30T08:05:05.878981,24.16,79.99,3.96,1025.11,6.07,Synthetic Data - Grupo 7,2025-11-04T08:05:05.879015
317,6,2024-11-13T08:05:05.879052,20.67,79.68,1.14,1012.86,2.8,Synthetic Data - Grupo 7,2025-11-04T08:05:05.879086
318,15,2024-12-08T08:05:05.879122,28.4,52.77,6.77,1011.74,7.2,Synthetic Data - Grupo 7,2025-11-04T08:05:05.879155
319,5,2025-10-11T08:05:05.879192,20.73,56.15,0.67,1006.12,2.27,Synthetic Data - Grupo 7,2025-11-04T08:05:05.879225
320,8,2025-03-09T08:05:05.879262,18.55,43.01,7.01,1004.26,3.69,Synthetic Data - Grupo 7,2025-11-04T08:05:05.879295
321,17,2024-12-16T08:05:05.879332,25.72,77.37,0.7,1020.28,4.2,Synthetic Data - Grupo 7,2025-11-04T08:05:05.879365
322,19,2025-01-17T08:05:05.879402,24.76,76.73,0.87,1011.63,3.94,Synthetic Data - Grupo 7,2025-11-04T08:05:05.879435
323,17,2025-02-27T08:05:05.879478,28.21,53.29,0.86,1014.56,2.3,Synthetic Data - Grupo 7,2025-11-04T08:05:05.879512
324,13,2025-05-06T08:05:05.879549,15.6,77.4,3.29,1000.82,3.72,Synthetic Data - Grupo 7,2025-11-04T08:05:05.879583
325,17,2024-12-01T08:05:05.879619,23.0,74.5,7.99,1018.38,4.36,Synthetic Data - Grupo 7,2025-11-04T08:05:05.879653
326,19,2025-05-21T08:05:05.879693,25.04,60.1,6.34,1011.81,4.08,Synthetic Data - Grupo 7,2025-11-04T08:05:05.879727
327,3,2025-06-11T08:05:05.879763,20.02,65.8,10.02,1010.61,1.57,Synthetic Data - Grupo 7,2025-11-04T08:05:05.879797
328,19,2024-12-27T08:05:05.879833,21.75,81.58,4.9,1019.06,4.05,Synthetic Data - Grupo 7,2025-11-04T08:05:05.879867
329,18,2024-12-12T08:05:05.879903,25.35,60.4,1.7,1007.85,0.92,Synthetic Data - Grupo 7,2025-11-04T08:05:05.879937
330,1,2025-10-31T08:05:05.879973,21.85,93.01,0.35,1009.48,6.37,Synthetic Data - Grupo 7,2025-11-04T08:05:05.880006
331,19,2025-04-05T08:05:05.880042,22.84,67.55,2.34,1013.8,4.8,Synthetic Data - Grupo 7,2025-11-04T08:05:05.880075
332,15,2025-04-04T08:05:05.880111,23.2,50.11,6.95,1011.53,2.15,Synthetic Data - Grupo 7,2025-11-04T08:05:05.880144
333,10,2024-11-09T08:05:05.880180,18.36,71.16,17.65,1011.85,1.47,Synthetic Data - Grupo 7,2025-11-04T08:05:05.880214
334,20,2025-03-31T08:05:05.880250,21.01,70.55,4.65,1021.53,3.65,Synthetic Data - Grupo 7,2025-11-04T08:05:05.880283
335,10,2025-05-23T08:05:05.880319,25.44,75.94,0.4,1010.27,2.68,Synthetic Data - Grupo 7,2025-11-04T08:05:05.880352
336,20,2024-12-18T08:05:05.880388,30.95,85.21,4.71,1007.39,1.48,Synthetic Data - Grupo 7,2025-11-04T08:05:05.880421
337,4,2025-09-01T08:05:05.880458,24.33,54.9,4.74,1005.78,8.56,Synthetic Data - Grupo 7,2025-11-04T08:05:05.880491
338,1,2025-01-08T08:05:05.880527,17.34,77.71,2.99,1012.45,4.79,Synthetic Data - Grupo 7,2025-11-04T08:05:05.880560
339,10,2025-01-21T08:05:05.880596,28.23,53.23,3.45,1008.83,7.37,Synthetic Data - Grupo 7,2025-11-04T08:05:05.880629
340,15,2025-02-07T08:05:05.880666,25.27,90.2,2.88,1022.83,4.93,Synthetic Data - Grupo 7,2025-11-04T08:05:05.880699
341,13,2025-05-21T08:05:05.880735,30.3,77.69,0.26,1008.13,0.46,Synthetic Data - Grupo 7,2025-11-04T08:05:05.880769
342,1,2024-12-09T08:05:05.880806,16.41,89.12,2.03,1011.65,6.21,Synthetic Data - Grupo 7,2025-11-04T08:05:05.880839
343,13,2025-05-15T08:05:05.880879,26.65,32.67,1.46,1011.03,8.75,Synthetic Data - Grupo 7,2025-11-04T08:05:05.880912
344,11,2024-11-25T08:05:05.880949,29.27,64.17,12.34,1010.9,8.23,Synthetic Data - Grupo 7,2025-11-04T08:05:05.880985
345,6,2025-05-21T08:05:05.881022,34.96,58.5,13.77,1010.6,0.53,Synthetic Data - Grupo 7,2025-11-04T08:05:05.881056
346,4,2025-04-05T08:05:05.881092,21.55,70.06,3.38,1010.53,8.62,Synthetic Data - Grupo 7,2025-11-04T08:05:05.881125
347,1,2025-07-26T08:05:05.881161,23.61,65.8,0.37,1015.71,1.31,Synthetic Data - Grupo 7,2025-11-04T08:05:05.881194
348,13,2025-01-06T08:05:05.881230,21.53,74.95,1.71,1007.57,1.62,Synthetic Data - Grupo 7,2025-11-04T08:05:05.881263
349,20,2024-11-26T08:05:05.881304,21.66,85.08,12.25,1012.37,4.25,Synthetic Data - Grupo 7,2025-11-04T08:05:05.881339
350,10,2024-12-26T08:05:05.881375,23.85,57.23,4.03,1006.0,3.37,Synthetic Data - Grupo 7,2025-11-04T08:05:05.881408
351,10,2025-08-10T08:05:05.881445,25.87,72.47,6.9,1023.28,1.18,Synthetic Data - Grupo 7,2025-11-04T08:05:05.881478
352,5,2025-08-10T08:05:05.881513,27.78,56.22,1.3,1013.56,10.17,Synthetic Data - Grupo 7,2025-11-04T08:05:05.881547
353,1,2025-04-10T08:05:05.881583,32.86,61.29,10.67,1014.57,1.54,Synthetic Data - Grupo 7,2025-11-04T08:05:05.881616
354,2,2025-04-18T08:05:05.881654,21.65,54.69,0.91,1008.92,1.51,Synthetic Data - Grupo 7,2025-11-04T08:05:05.881687
355,8,2024-11-07T08:05:05.881724,14.54,91.19,2.8,1022.35,4.44,Synthetic Data - Grupo 7,2025-11-04T08:05:05.881757
356,1,2024-11-16T08:05:05.881793,30.08,66.38,4.99,1007.93,3.56,Synthetic Data - Grupo 7,2025-11-04T08:05:05.881826
357,7,2025-06-30T08:05:05.881863,25.05,75.97,0.61,1016.75,7.09,Synthetic Data - Grupo 7,2025-11-04T08:05:05.881896
358,7,2024-12-31T08:05:05.881935,27.69,90.02,9.74,1008.47,9.98,Synthetic Data - Grupo 7,2025-11-04T08:05:05.881969
359,11,2025-01-27T08:05:05.882006,26.4,96.38,9.04,1014.81,4.29,Synthetic Data - Grupo 7,2025-11-04T08:05:05.882039
360,19,2025-07-10T08:05:05.882075,23.81,91.45,1.01,1009.0,3.17,Synthetic Data - Grupo 7,2025-11-04T08:05:05.882108
361,8,2025-06-12T08:05:05.882145,24.79,70.87,0.35,1011.62,6.4,Synthetic Data - Grupo 7,2025-11-04T08:05:05.882178
362,4,2024-12-05T08:05:05.882218,25.96,61.6,0.38,1019.0,2.22,Synthetic Data - Grupo 7,2025-11-04T08:05:05.882255
363,10,2025-03-29T08:05:05.882292,21.25,68.6,6.53,1020.73,5.9,Synthetic Data - Grupo 7,2025-11-04T08:05:05.882326
364,20,2024-12-09T08:05:05.882362,31.45,84.52,0.04,1016.26,1.17,Synthetic Data - Grupo 7,2025-11-04T08:05:05.882395
365,2,2024-12-23T08:05:05.882431,16.7,97.29,3.97,1002.17,4.18,Synthetic Data - Grupo 7,2025-11-04T08:05:05.882465
366,20,2025-04-10T08:05:05.882501,21.0,92.6,5.43,1007.25,0.67,Synthetic Data - Grupo 7,2025-11-04T08:05:05.882534
367,16,2025-04-04T08:05:05.882570,18.69,99.85,7.44,1013.69,7.32,Synthetic Data - Grupo 7,2025-11-04T08:05:05.882603
368,12,2025-05-19T08:05:05.882639,33.2,60.17,2.44,1006.72,4.33,Synthetic Data - Grupo 7,2025-11-04T08:05:05.882672
369,2,2025-08-03T08:05:05.882708,26.99,79.83,6.85,1023.39,8.51,Synthetic Data - Grupo 7,2025-11-04T08:05:05.882741
370,19,2024-11-24T08:05:05.882777,27.83,69.09,2.82,1021.15,14.3,Synthetic Data - Grupo 7,2025-11-04T08:05:05.882811
371,3,2025-03-28T08:05:05.882862,25.8,47.03,8.74,1004.18,2.63,Synthetic Data - Grupo 7,2025-11-04T08:05:05.882896
372,7,2025-01-31T08:05:05.882933,24.22,89.62,20.46,1016.33,5.48,Synthetic Data - Grupo 7,2025-11-04T08:05:05.882967
373,1,2025-10-08T08:05:05.883007,24.05,47.69,1.53,1017.68,2.83,Synthetic Data - Grupo 7,2025-11-04T08:05:05.883041
374,14,2025-05-11T08:05:05.883081,23.22,91.31,1.12,1021.63,3.61,Synthetic Data - Grupo 7,2025-11-04T08:05:05.883115
375,13,2025-03-20T08:05:05.883151,26.17,64.26,8.38,1025.25,1.13,Synthetic Data - Grupo 7,2025-11-04T08:05:05.883185
376,13,2025-01-18T08:05:05.883221,24.8,67.98,7.66,1003.94,5.28,Synthetic Data - Grupo 7,2025-11-04T08:05:05.883254
377,3,2025-08-11T08:05:05.883290,31.67,79.45,0.2,1014.93,7.02,Synthetic Data - Grupo 7,2025-11-04T08:05:05.883323
378,16,2025-04-22T08:05:05.883359,26.25,85.68,4.35,1021.84,2.22,Synthetic Data - Grupo 7,2025-11-04T08:05:05.883394
379,20,2025-09-18T08:05:05.883430,28.52,72.39,13.24,1014.84,0.32,Synthetic Data - Grupo 7,2025-11-04T08:05:05.883463
380,19,2025-06-09T08:05:05.883499,28.13,83.28,4.5,1012.67,1.92,Synthetic Data - Grupo 7,2025-11-04T08:05:05.883535
381,18,2025-08-22T08:05:05.883572,25.01,50.85,5.87,1018.06,8.14,Synthetic Data - Grupo 7,2025-11-04T08:05:05.883606
382,19,2024-12-19T08:05:05.883645,31.15,95.28,0.99,1011.01,10.59,Synthetic Data - Grupo 7,2025-11-04T08:05:05.883680
383,14,2025-06-16T08:05:05.883716,25.85,63.99,0.13,1012.1,1.01,Synthetic Data - Grupo 7,2025-11-04T08:05:05.883749
384,20,2025-03-28T08:05:05.883785,26.22,80.77,15.35,1014.07,6.51,Synthetic Data - Grupo 7,2025-11-04T08:05:05.883818
385,2,2025-01-17T08:05:05.883853,25.86,65.49,0.5,1021.14,5.69,Synthetic Data - Grupo 7,2025-11-04T08:05:05.883887
386,17,2025-06-30T08:05:05.883922,18.06,79.55,5.87,1013.21,1.34,Synthetic Data - Grupo 7,2025-11-04T08:05:05.883956
387,9,2025-05-10T08:05:05.883991,32.46,74.33,3.13,1013.37,2.17,Synthetic Data - Grupo 7,2025-11-04T08:05:05.884025
388,17,2025-02-05T08:05:05.884060,24.02,66.91,0.37,1009.27,1.9,Synthetic Data - Grupo 7,2025-11-04T08:05:05.884094
389,6,2025-04-03T08:05:05.884129,21.48,44.47,8.0,1010.69,1.09,Synthetic Data - Grupo 7,2025-11-04T08:05:05.884163
390,10,2025-09-27T08:05:05.884199,19.79,48.78,1.8,1006.5,3.87,Synthetic Data - Grupo 7,2025-11-04T08:05:05.884232
391,2,2025-10-05T08:05:05.884268,26.43,78.6,8.14,1004.07,3.98,Synthetic Data - Grupo 7,2025-11-04T08:05:05.884301
392,14,2024-11-15T08:05:05.884336,19.68,67.59,20.75,1018.18,9.13,Synthetic Data - Grupo 7,2025-11-04T08:05:05.884369
393,2,2025-02-13T08:05:05.884405,21.25,61.9,3.96,1007.54,3.8,Synthetic Data - Grupo 7,2025-11-04T08:05:05.884439
394,8,2025-06-10T08:05:05.884474,19.8,70.25,3.18,1011.24,5.66,Synthetic Data - Grupo 7,2025-11-04T08:05:05.884507
395,7,2025-03-01T08:05:05.884543,34.78,65.9,1.99,1018.27,9.22,Synthetic Data - Grupo 7,2025-11-04T08:05:05.884576
396,13,2024-11-05T08:05:05.884612,23.63,98.56,3.36,1021.13,1.06,Synthetic Data - Grupo 7,2025-11-04T08:05:05.884645
397,13,2025-05-29T08:05:05.884681,28.3,59.95,9.64,1010.99,3.97,Synthetic Data - Grupo 7,2025-11-04T08:05:05.884714
398,2,2025-04-11T08:05:05.884750,23.9,75.71,17.52,1012.05,1.22,Synthetic Data - Grupo 7,2025-11-04T08:05:05.884786
399,3,2025-02-22T08:05:05.884823,26.1,71.74,9.33,1008.78,2.14,Synthetic Data - Grupo 7,2025-11-04T08:05:05.884857
400,9,2025-01-22T08:05:05.884896,27.42,76.13,1.44,1011.46,4.16,Synthetic Data - Grupo 7,2025-11-04T08:05:05.884930
401,13,2024-12-03T08:05:05.884970,26.88,67.87,2.16,1007.08,3.25,Synthetic Data - Grupo 7,2025-11-04T08:05:05.885004
402,13,2025-01-30T08:05:05.885042,20.45,55.95,1.36,1009.66,3.16,Synthetic Data - Grupo 7,2025-11-04T08:05:05.885075
403,16,2025-11-03T08:05:05.885111,29.45,71.2,6.09,1021.06,2.91,Synthetic Data - Grupo 7,2025-11-04T08:05:05.885144
404,18,2025-02-09T08:05:05.885180,28.04,86.96,0.23,1016.75,1.07,Synthetic Data - Grupo 7,2025-11-04T08:05:05.885214
405,20,2025-04-17T08:05:05.885250,28.27,63.51,4.92,1014.57,5.57,Synthetic Data - Grupo 7,2025-11-04T08:05:05.885283
406,15,2025-11-04T08:05:05.885319,22.73,79.74,1.21,1016.79,2.35,Synthetic Data - Grupo 7,2025-11-04T08:05:05.885353
407,8,2025-08-25T08:05:05.885388,14.77,73.37,4.72,1015.43,11.11,Synthetic Data - Grupo 7,2025-11-04T08:05:05.885422
408,8,2025-09-10T08:05:05.885458,29.32,60.4,0.1,1012.17,3.59,Synthetic Data - Grupo 7,2025-11-04T08:05:05.885492
409,3,2025-06-19T08:05:05.885527,31.48,55.05,1.74,1006.84,3.65,Synthetic Data - Grupo 7,2025-11-04T08:05:05.885560
410,6,2025-06-11T08:05:05.885596,22.99,60.87,4.83,1008.42,3.77,Synthetic Data - Grupo 7,2025-11-04T08:05:05.885629
411,17,2025-01-10T08:05:05.885665,37.67,61.6,5.67,1002.89,0.34,Synthetic Data - Grupo 7,2025-11-04T08:05:05.885699
412,19,2025-05-03T08:05:05.885735,27.9,59.42,1.88,1010.81,3.38,Synthetic Data - Grupo 7,2025-11-04T08:05:05.885768
413,16,2025-06-21T08:05:05.885804,26.15,81.96,1.59,1008.07,1.93,Synthetic Data - Grupo 7,2025-11-04T08:05:05.885837
414,3,2025-02-28T08:05:05.885873,15.03,73.96,1.59,1016.63,2.09,Synthetic Data - Grupo 7,2025-11-04T08:05:05.885906
415,16,2025-07-15T08:05:05.885942,20.64,55.77,2.57,1021.74,2.68,Synthetic Data - Grupo 7,2025-11-04T08:05:05.885976
416,1,2025-03-04T08:05:05.886012,27.97,62.47,2.09,1010.54,7.59,Synthetic Data - Grupo 7,2025-11-04T08:05:05.886045
417,1,2025-01-15T08:05:05.886080,23.71,74.79,0.74,1013.65,5.76,Synthetic Data - Grupo 7,2025-11-04T08:05:05.886117
418,5,2025-08-27T08:05:05.886154,31.86,65.84,6.6,1016.58,4.94,Synthetic Data - Grupo 7,2025-11-04T08:05:05.886188
419,8,2025-06-07T08:05:05.886224,26.0,58.88,4.11,1021.3,5.91,Synthetic Data - Grupo 7,2025-11-04T08:05:05.886257
420,5,2025-09-10T08:05:05.886294,21.42,72.62,1.28,1008.82,3.85,Synthetic Data - Grupo 7,2025-11-04T08:05:05.886327
421,19,2025-10-06T08:05:05.886385,26.33,64.54,10.32,1015.39,5.41,Synthetic Data - Grupo 7,2025-11-04T08:05:05.886419
422,9,2025-07-25T08:05:05.886459,28.95,69.01,2.13,1015.25,2.38,Synthetic Data - Grupo 7,2025-11-04T08:05:05.886493
423,15,2024-12-19T08:05:05.886529,34.44,76.24,11.4,1009.01,2.72,Synthetic Data - Grupo 7,2025-11-04T08:05:05.886563
424,16,2025-10-28T08:05:05.886599,25.73,52.24,9.0,1013.99,5.48,Synthetic Data - Grupo 7,2025-11-04T08:05:05.886632
425,14,2025-03-11T08:05:05.886671,23.8,73.44,7.17,1007.59,1.81,Synthetic Data - Grupo 7,2025-11-04T08:05:05.886705
426,6,2025-04-22T08:05:05.886741,29.48,72.86,3.79,1015.25,3.26,Synthetic Data - Grupo 7,2025-11-04T08:05:05.886774
427,6,2025-09-07T08:05:05.886810,22.43,72.41,4.13,1013.27,2.52,Synthetic Data - Grupo 7,2025-11-04T08:05:05.886843
428,15,2025-10-17T08:05:05.886879,25.85,85.48,1.32,1019.73,4.51,Synthetic Data - Grupo 7,2025-11-04T08:05:05.886912
429,17,2024-12-13T08:05:05.886948,25.84,63.02,2.19,1011.56,10.12,Synthetic Data - Grupo 7,2025-11-04T08:05:05.886981
430,16,2025-03-11T08:05:05.887017,20.72,76.99,0.15,1004.23,3.6,Synthetic Data - Grupo 7,2025-11-04T08:05:05.887050
431,3,2025-03-04T08:05:05.887086,17.41,56.85,9.05,1007.43,3.21,Synthetic Data - Grupo 7,2025-11-04T08:05:05.887119
432,16,2025-01-23T08:05:05.887155,21.8,73.03,5.66,1021.16,9.54,Synthetic Data - Grupo 7,2025-11-04T08:05:05.887188
433,13,2025-06-07T08:05:05.887223,22.49,72.28,9.31,1019.27,1.2,Synthetic Data - Grupo 7,2025-11-04T08:05:05.887257
434,18,2025-02-07T08:05:05.887292,36.75,30.04,1.84,1003.91,5.7,Synthetic Data - Grupo 7,2025-11-04T08:05:05.887326
435,3,2025-07-22T08:05:05.887362,24.53,76.29,6.52,1019.54,1.12,Synthetic Data - Grupo 7,2025-11-04T08:05:05.887397
436,1,2025-06-08T08:05:05.887435,21.47,82.83,23.19,1013.37,2.54,Synthetic Data - Grupo 7,2025-11-04T08:05:05.887468
437,1,2025-10-18T08:05:05.887504,27.22,52.72,1.26,1015.25,0.46,Synthetic Data - Grupo 7,2025-11-04T08:05:05.887537
438,2,2025-03-13T08:05:05.887574,16.26,99.72,7.98,1017.71,7.1,Synthetic Data - Grupo 7,2025-11-04T08:05:05.887607
439,9,2025-10-11T08:05:05.887643,30.24,94.83,0.89,1011.13,2.19,Synthetic Data - Grupo 7,2025-11-04T08:05:05.887676
440,12,2025-07-07T08:05:05.887716,22.03,68.41,0.2,1003.45,8.03,Synthetic Data - Grupo 7,2025-11-04T08:05:05.887750
441,16,2025-02-16T08:05:05.887785,21.54,85.68,1.42,1008.15,8.47,Synthetic Data - Grupo 7,2025-11-04T08:05:05.887819
442,2,2024-12-25T08:05:05.887855,37.15,89.5,6.96,1013.2,1.22,Synthetic Data - Grupo 7,2025-11-04T08:05:05.887888
443,12,2025-06-17T08:05:05.887928,27.16,77.05,1.27,1016.18,2.11,Synthetic Data - Grupo 7,2025-11-04T08:05:05.887961
444,16,2025-01-17T08:05:05.888034,15.07,60.85,10.23,998.47,2.46,Synthetic Data - Grupo 7,2025-11-04T08:05:05.888067
445,4,2025-02-03T08:05:05.888103,21.74,60.49,1.76,1013.5,6.11,Synthetic Data - Grupo 7,2025-11-04T08:05:05.888136
446,4,2025-03-26T08:05:05.888172,23.05,72.37,0.18,1020.84,1.57,Synthetic Data - Grupo 7,2025-11-04T08:05:05.888205
447,4,2025-10-14T08:05:05.888240,18.68,53.6,0.65,1014.53,1.66,Synthetic Data - Grupo 7,2025-11-04T08:05:05.888273
448,15,2025-06-10T08:05:05.888309,29.89,77.83,2.53,1015.41,1.84,Synthetic Data - Grupo 7,2025-11-04T08:05:05.888341
449,4,2025-01-09T08:05:05.888377,29.46,97.44,10.05,1011.6,0.49,Synthetic Data - Grupo 7,2025-11-04T08:05:05.888410
450,20,2025-06-20T08:05:05.888445,15.82,58.23,4.15,1011.14,4.59,Synthetic Data - Grupo 7,2025-11-04T08:05:05.888478
451,11,2025-08-09T08:05:05.888518,26.11,89.18,7.56,1016.32,1.79,Synthetic Data - Grupo 7,2025-11-04T08:05:05.888554
452,4,2025-07-20T08:05:05.888590,24.31,65.72,0.49,1007.97,2.52,Synthetic Data - Grupo 7,2025-11-04T08:05:05.888623
453,10,2025-01-11T08:05:05.888660,28.09,50.26,6.87,1014.42,1.38,Synthetic Data - Grupo 7,2025-11-04T08:05:05.888696
454,11,2025-01-26T08:05:05.888734,20.77,88.74,3.26,1011.95,4.91,Synthetic Data - Grupo 7,2025-11-04T08:05:05.888768
455,9,2025-10-26T08:05:05.888804,24.07,65.17,0.14,1007.65,11.1,Synthetic Data - Grupo 7,2025-11-04T08:05:05.888837
456,2,2025-05-30T08:05:05.888873,22.9,88.87,8.2,1007.16,4.23,Synthetic Data - Grupo 7,2025-11-04T08:05:05.888906
457,10,2025-07-18T08:05:05.888942,25.98,58.03,2.08,1012.14,5.75,Synthetic Data - Grupo 7,2025-11-04T08:05:05.888975
458,4,2025-05-16T08:05:05.889020,26.14,42.13,5.98,1013.56,3.74,Synthetic Data - Grupo 7,2025-11-04T08:05:05.889055
459,4,2025-06-10T08:05:05.889092,24.42,73.79,0.01,1008.59,1.81,Synthetic Data - Grupo 7,2025-11-04T08:05:05.889126
460,8,2025-03-07T08:05:05.889166,23.81,70.69,6.52,1018.83,1.04,Synthetic Data - Grupo 7,2025-11-04T08:05:05.889199
461,7,2025-09-20T08:05:05.889235,21.2,74.31,2.57,1017.41,5.56,Synthetic Data - Grupo 7,2025-11-04T08:05:05.889268
462,1,2025-03-05T08:05:05.889304,20.42,90.33,1.47,1013.12,2.62,Synthetic Data - Grupo 7,2025-11-04T08:05:05.889337
463,20,2025-01-18T08:05:05.889375,25.62,83.87,8.36,1020.79,1.24,Synthetic Data - Grupo 7,2025-11-04T08:05:05.889409
464,8,2025-03-03T08:05:05.889445,19.34,69.06,0.42,1009.02,2.88,Synthetic Data - Grupo 7,2025-11-04T08:05:05.889478
465,20,2025-09-20T08:05:05.889514,15.19,64.08,3.24,1012.39,9.71,Synthetic Data - Grupo 7,2025-11-04T08:05:05.889547
466,3,2025-04-22T08:05:05.889583,28.93,95.98,6.03,1016.51,4.9,Synthetic Data - Grupo 7,2025-11-04T08:05:05.889616
467,6,2025-05-16T08:05:05.889652,26.81,80.19,7.29,1018.48,3.13,Synthetic Data - Grupo 7,2025-11-04T08:05:05.889685
468,11,2025-04-08T08:05:05.889721,15.24,74.2,3.71,1005.48,1.39,Synthetic Data - Grupo 7,2025-11-04T08:05:05.889754
469,9,2025-10-16T08:05:05.889790,19.71,85.28,18.54,1015.33,1.75,Synthetic Data - Grupo 7,2025-11-04T08:05:05.889822
470,10,2025-10-25T08:05:05.889859,24.78,69.96,5.84,1010.05,1.6,Synthetic Data - Grupo 7,2025-11-04T08:05:05.889892
471,1,2024-11-15T08:05:05.889928,19.6,75.18,6.55,1019.43,8.41,Synthetic Data - Grupo 7,2025-11-04T08:05:05.889964
472,12,2025-06-04T08:05:05.890001,18.29,59.51,14.2,1018.81,10.08,Synthetic Data - Grupo 7,2025-11-04T08:05:05.890035
473,13,2025-08-08T08:05:05.890071,26.1,62.28,16.99,1017.36,5.23,Synthetic Data - Grupo 7,2025-11-04T08:05:05.890104
474,11,2024-11-22T08:05:05.890139,25.93,73.27,17.42,1008.11,2.02,Synthetic Data - Grupo 7,2025-11-04T08:05:05.890173
475,4,2025-02-08T08:05:05.890208,24.17,76.87,30.48,1008.1,0.34,Synthetic Data - Grupo 7,2025-11-04T08:05:05.890241
476,15,2025-07-18T08:05:05.890281,21.57,66.8,2.45,1017.8,1.82,Synthetic Data - Grupo 7,2025-11-04T08:05:05.890314
477,6,2024-12-20T08:05:05.890350,34.77,76.01,0.82,1013.66,14.47,Synthetic Data - Grupo 7,2025-11-04T08:05:05.890384
478,6,2025-01-01T08:05:05.890420,22.29,57.42,5.63,1010.48,3.62,Synthetic Data - Grupo 7,2025-11-04T08:05:05.890453
479,4,2025-11-04T08:05:05.890492,22.91,68.18,0.52,1010.96,2.55,Synthetic Data - Grupo 7,2025-11-04T08:05:05.890525
480,20,2025-07-05T08:05:05.890561,22.43,83.21,0.8,1021.47,6.9,Synthetic Data - Grupo 7,2025-11-04T08:05:05.890594
481,5,2025-10-19T08:05:05.890630,25.84,40.13,3.17,1014.3,0.83,Synthetic Data - Grupo 7,2025-11-04T08:05:05.890663
482,2,2025-07-20T08:05:05.890699,25.06,66.54,1.83,1016.42,5.12,Synthetic Data - Grupo 7,2025-11-04T08:05:05.890732
483,13,2025-08-27T08:05:05.890767,19.91,89.03,3.17,1015.17,4.47,Synthetic Data - Grupo 7,2025-11-04T08:05:05.890800
484,7,2025-03-04T08:05:05.890836,22.55,59.88,2.9,1010.98,1.02,Synthetic Data - Grupo 7,2025-11-04T08:05:05.890869
485,3,2025-06-23T08:05:05.890905,32.65,66.48,1.22,1017.04,2.0,Synthetic Data - Grupo 7,2025-11-04T08:05:05.890938
486,4,2025-04-09T08:05:05.890978,24.61,70.39,0.35,1004.33,0.17,Synthetic Data - Grupo 7,2025-11-04T08:05:05.891012
487,16,2024-11-19T08:05:05.891048,17.45,100.0,1.25,1017.45,7.07,Synthetic Data - Grupo 7,2025-11-04T08:05:05.891081
488,5,2025-04-04T08:05:05.891117,34.68,59.67,9.08,1017.58,0.28,Synthetic Data - Grupo 7,2025-11-04T08:05:05.891151
489,15,2024-12-01T08:05:05.891188,28.71,57.11,4.56,1017.07,6.76,Synthetic Data - Grupo 7,2025-11-04T08:05:05.891221
490,3,2025-10-28T08:05:05.891257,23.33,67.03,3.52,1013.95,9.91,Synthetic Data - Grupo 7,2025-11-04T08:05:05.891293
491,14,2024-12-07T08:05:05.891331,34.49,79.13,11.65,1015.62,0.11,Synthetic Data - Grupo 7,2025-11-04T08:05:05.891365
492,16,2025-07-18T08:05:05.891400,31.76,39.03,13.82,1003.25,5.8,Synthetic Data - Grupo 7,2025-11-04T08:05:05.891433
493,11,2025-06-24T08:05:05.891469,30.58,74.79,0.77,1013.66,6.55,Synthetic Data - Grupo 7,2025-11-04T08:05:05.891502
494,19,2025-09-10T08:05:05.891538,14.47,65.47,2.68,999.98,3.63,Synthetic Data - Grupo 7,2025-11-04T08:05:05.891571
495,16,2025-08-03T08:05:05.891606,27.54,50.71,0.26,1012.81,1.02,Synthetic Data - Grupo 7,2025-11-04T08:05:05.891639
496,13,2025-05-14T08:05:05.891675,27.54,56.54,7.63,1006.44,3.45,Synthetic Data - Grupo 7,2025-11-04T08:05:05.891707
497,9,2025-04-26T08:05:05.891744,25.26,74.84,1.0,1012.69,2.02,Synthetic Data - Grupo 7,2025-11-04T08:05:05.891777
498,1,2025-10-08T08:05:05.891813,30.39,75.1,0.31,1014.41,1.67,Synthetic Data - Grupo 7,2025-11-04T08:05:05.891846
499,16,2025-01-15T08:05:05.891885,27.12,77.54,28.31,1000.53,4.47,Synthetic Data - Grupo 7,2025-11-04T08:05:05.891919
500,14,2024-12-12T08:05:05.891955,20.86,90.52,3.31,1007.16,0.49,Synthetic Data - Grupo 7,2025-11-04T08:05:05.891989
501,15,2025-03-25T08:05:05.892024,19.74,53.4,1.89,1015.86,2.13,Synthetic Data - Grupo 7,2025-11-04T08:05:05.892057
502,16,2024-11-30T08:05:05.892097,28.58,54.36,6.83,1019.13,0.98,Synthetic Data - Grupo 7,2025-11-04T08:05:05.892130
503,13,2025-08-20T08:05:05.892168,23.13,42.1,12.15,1009.97,3.77,Synthetic Data - Grupo 7,2025-11-04T08:05:05.892203
504,18,2025-01-12T08:05:05.892239,23.15,42.4,6.63,1012.84,3.5,Synthetic Data - Grupo 7,2025-11-04T08:05:05.892273
505,3,2025-03-25T08:05:05.892308,23.2,73.49,4.0,1009.22,5.06,Synthetic Data - Grupo 7,2025-11-04T08:05:05.892341
506,4,2025-06-05T08:05:05.892377,12.45,84.04,4.54,1013.92,2.62,Synthetic Data - Grupo 7,2025-11-04T08:05:05.892410
507,19,2024-12-11T08:05:05.892446,31.56,50.95,1.57,1014.43,1.96,Synthetic Data - Grupo 7,2025-11-04T08:05:05.892479
508,13,2025-06-24T08:05:05.892514,21.25,59.67,8.91,1013.71,5.0,Synthetic Data - Grupo 7,2025-11-04T08:05:05.892553
509,20,2025-02-04T08:05:05.892591,20.95,59.21,8.35,1005.18,6.92,Synthetic Data - Grupo 7,2025-11-04T08:05:05.892624
510,16,2025-06-15T08:05:05.892661,28.02,100.0,5.44,1005.6,4.73,Synthetic Data - Grupo 7,2025-11-04T08:05:05.892693
511,10,2025-04-30T08:05:05.892729,25.99,79.74,0.25,1011.18,4.28,Synthetic Data - Grupo 7,2025-11-04T08:05:05.892762
512,3,2025-01-11T08:05:05.892798,23.86,70.0,5.62,1018.75,5.79,Synthetic Data - Grupo 7,2025-11-04T08:05:05.892831
513,2,2025-03-04T08:05:05.892867,21.05,49.76,18.77,1010.92,5.0,Synthetic Data - Grupo 7,2025-11-04T08:05:05.892900
514,19,2025-04-22T08:05:05.892935,25.94,81.4,16.85,1018.27,1.38,Synthetic Data - Grupo 7,2025-11-04T08:05:05.892968
515,13,2025-07-06T08:05:05.893004,23.58,49.41,3.51,1014.76,1.86,Synthetic Data - Grupo 7,2025-11-04T08:05:05.893037
516,5,2025-04-05T08:05:05.893072,16.1,46.86,1.11,1009.84,3.62,Synthetic Data - Grupo 7,2025-11-04T08:05:05.893105
517,12,2025-10-01T08:05:05.893140,25.38,64.91,15.65,1014.85,0.76,Synthetic Data - Grupo 7,2025-11-04T08:05:05.893173
518,15,2025-03-18T08:05:05.893212,19.22,64.61,3.95,1025.52,1.83,Synthetic Data - Grupo 7,2025-11-04T08:05:05.893246
519,18,2025-04-04T08:05:05.893282,29.41,63.56,0.28,1017.42,1.17,Synthetic Data - Grupo 7,2025-11-04T08:05:05.893314
520,2,2025-01-25T08:05:05.893350,28.59,75.6,0.74,1014.56,3.01,Synthetic Data - Grupo 7,2025-11-04T08:05:05.893383
521,8,2025-05-10T08:05:05.893419,26.7,67.87,9.78,1014.69,4.48,Synthetic Data - Grupo 7,2025-11-04T08:05:05.893451
522,4,2025-10-01T08:05:05.893490,21.39,69.03,0.28,1013.36,2.83,Synthetic Data - Grupo 7,2025-11-04T08:05:05.893523
523,12,2025-08-10T08:05:05.893558,34.03,75.08,3.98,1011.33,5.15,Synthetic Data - Grupo 7,2025-11-04T08:05:05.893591
524,17,2025-03-23T08:05:05.893627,20.75,58.52,6.11,1001.01,1.7,Synthetic Data - Grupo 7,2025-11-04T08:05:05.893667
525,14,2024-12-05T08:05:05.893759,22.88,66.94,9.92,1010.09,5.7,Synthetic Data - Grupo 7,2025-11-04T08:05:05.893827
526,13,2024-11-09T08:05:05.893907,19.81,68.67,0.29,1013.65,3.85,Synthetic Data - Grupo 7,2025-11-04T08:05:05.893987
527,18,2025-04-27T08:05:05.894086,16.63,52.93,20.3,1013.12,2.89,Synthetic Data - Grupo 7,2025-11-04T08:05:05.894131
528,20,2025-08-12T08:05:05.894233,24.47,88.62,11.27,1011.26,4.58,Synthetic Data - Grupo 7,2025-11-04T08:05:05.894310
529,16,2025-06-28T08:05:05.894403,29.39,73.03,6.86,1015.71,6.08,Synthetic Data - Grupo 7,2025-11-04T08:05:05.894505
530,16,2025-01-02T08:05:05.894600,22.66,48.86,0.0,1010.96,1.81,Synthetic Data - Grupo 7,2025-11-04T08:05:05.894657
531,14,2025-07-31T08:05:05.894756,27.61,74.83,2.82,1013.84,3.42,Synthetic Data - Grupo 7,2025-11-04T08:05:05.894803
532,11,2025-09-07T08:05:05.894900,19.79,91.83,0.59,1017.04,7.73,Synthetic Data - Grupo 7,2025-11-04T08:05:05.894944
533,5,2025-05-18T08:05:05.894993,22.76,71.55,9.88,1023.21,2.81,Synthetic Data - Grupo 7,2025-11-04T08:05:05.895029
534,18,2025-07-22T08:05:05.895068,32.52,44.51,7.63,1015.41,2.75,Synthetic Data - Grupo 7,2025-11-04T08:05:05.895102
535,14,2025-10-27T08:05:05.895140,29.58,79.97,2.06,1010.24,1.27,Synthetic Data - Grupo 7,2025-11-04T08:05:05.895174
536,15,2025-08-14T08:05:05.895221,21.05,59.84,1.27,1012.45,1.51,Synthetic Data - Grupo 7,2025-11-04T08:05:05.895256
537,19,2025-09-24T08:05:05.895293,14.99,67.75,1.77,1011.37,1.48,Synthetic Data - Grupo 7,2025-11-04T08:05:05.895327
538,3,2025-09-10T08:05:05.895372,22.54,55.59,0.1,1007.02,3.1,Synthetic Data - Grupo 7,2025-11-04T08:05:05.895406
539,16,2025-09-05T08:05:05.895444,18.55,47.77,0.61,1012.56,3.36,Synthetic Data - Grupo 7,2025-11-04T08:05:05.895477
540,7,2025-05-08T08:05:05.895514,31.29,55.1,2.37,1007.92,6.37,Synthetic Data - Grupo 7,2025-11-04T08:05:05.895547
541,19,2025-11-03T08:05:05.895584,13.83,62.31,3.5,1008.51,5.33,Synthetic Data - Grupo 7,2025-11-04T08:05:05.895618
542,15,2025-09-08T08:05:05.895655,29.05,66.69,2.67,1009.29,2.44,Synthetic Data - Grupo 7,2025-11-04T08:05:05.895688
543,5,2024-12-23T08:05:05.895724,24.38,89.4,3.55,1013.07,2.34,Synthetic Data - Grupo 7,2025-11-04T08:05:05.895758
544,3,2025-08-18T08:05:05.895795,36.67,91.52,2.99,1019.92,9.73,Synthetic Data - Grupo 7,2025-11-04T08:05:05.895829
545,18,2025-09-23T08:05:05.895870,26.05,66.96,1.88,1010.36,0.87,Synthetic Data - Grupo 7,2025-11-04T08:05:05.895904
546,2,2025-05-31T08:05:05.895941,31.6,63.35,0.71,1018.91,1.99,Synthetic Data - Grupo 7,2025-11-04T08:05:05.895974
547,12,2025-09-10T08:05:05.896011,21.45,81.33,7.12,1025.52,1.53,Synthetic Data - Grupo 7,2025-11-04T08:05:05.896044
548,2,2025-07-01T08:05:05.896095,28.08,89.44,0.13,1007.46,1.21,Synthetic Data - Grupo 7,2025-11-04T08:05:05.896129
549,5,2025-05-13T08:05:05.896170,30.74,60.94,0.42,1006.08,2.3,Synthetic Data - Grupo 7,2025-11-04T08:05:05.896204
550,5,2024-12-27T08:05:05.896241,21.05,69.89,0.66,1011.92,4.71,Synthetic Data - Grupo 7,2025-11-04T08:05:05.896275
551,16,2025-08-03T08:05:05.896312,23.93,79.94,3.96,1008.96,3.71,Synthetic Data - Grupo 7,2025-11-04T08:05:05.896345
552,18,2025-09-24T08:05:05.896382,29.98,53.54,7.13,1005.62,4.42,Synthetic Data - Grupo 7,2025-11-04T08:05:05.896415
553,15,2025-07-21T08:05:05.896456,24.32,67.83,3.46,1011.27,4.5,Synthetic Data - Grupo 7,2025-11-04T08:05:05.896490
554,14,2025-08-05T08:05:05.896527,23.45,86.63,1.06,1015.09,3.61,Synthetic Data - Grupo 7,2025-11-04T08:05:05.896560
555,12,2025-05-12T08:05:05.896597,29.12,86.83,7.96,1008.32,4.66,Synthetic Data - Grupo 7,2025-11-04T08:05:05.896630
556,4,2025-04-30T08:05:05.896667,31.56,64.63,0.1,1021.11,2.94,Synthetic Data - Grupo 7,2025-11-04T08:05:05.896700
557,7,2024-11-22T08:05:05.896740,21.91,64.17,5.42,1024.76,2.53,Synthetic Data - Grupo 7,2025-11-04T08:05:05.896775
558,1,2025-10-10T08:05:05.896811,23.76,68.85,0.56,1011.49,0.2,Synthetic Data - Grupo 7,2025-11-04T08:05:05.896844
559,12,2025-01-23T08:05:05.896881,28.56,100.0,5.71,1016.41,3.7,Synthetic Data - Grupo 7,2025-11-04T08:05:05.896915
560,8,2025-08-31T08:05:05.896952,35.45,69.54,2.03,1012.49,1.35,Synthetic Data - Grupo 7,2025-11-04T08:05:05.896985
561,20,2025-05-02T08:05:05.897022,23.44,69.81,6.03,1016.61,2.73,Synthetic Data - Grupo 7,2025-11-04T08:05:05.897057
562,12,2025-03-12T08:05:05.897094,30.47,64.76,8.46,1009.14,0.63,Synthetic Data - Grupo 7,2025-11-04T08:05:05.897127
563,16,2025-10-17T08:05:05.897164,32.53,82.8,0.46,1011.15,4.92,Synthetic Data - Grupo 7,2025-11-04T08:05:05.897200
564,3,2025-08-28T08:05:05.897238,27.14,74.72,5.04,1022.19,2.05,Synthetic Data - Grupo 7,2025-11-04T08:05:05.897272
565,11,2024-12-12T08:05:05.897308,21.94,72.01,1.83,1014.2,6.23,Synthetic Data - Grupo 7,2025-11-04T08:05:05.897342
566,14,2025-10-02T08:05:05.897379,19.62,64.49,3.8,1009.48,11.71,Synthetic Data - Grupo 7,2025-11-04T08:05:05.897412
567,10,2025-08-12T08:05:05.897448,31.45,75.21,6.5,1013.43,3.54,Synthetic Data - Grupo 7,2025-11-04T08:05:05.897482
568,8,2025-07-03T08:05:05.897518,25.62,86.74,4.61,1020.54,19.89,Synthetic Data - Grupo 7,2025-11-04T08:05:05.897551
569,4,2025-10-26T08:05:05.897587,19.38,61.13,7.45,1016.82,3.71,Synthetic Data - Grupo 7,2025-11-04T08:05:05.897620
570,18,2024-11-28T08:05:05.897657,12.88,40.37,13.51,1016.76,3.35,Synthetic Data - Grupo 7,2025-11-04T08:05:05.897690
571,6,2025-01-15T08:05:05.897727,29.1,69.55,2.05,1010.27,9.63,Synthetic Data - Grupo 7,2025-11-04T08:05:05.897760
572,10,2025-07-08T08:05:05.897797,26.8,70.27,4.76,1015.36,3.08,Synthetic Data - Grupo 7,2025-11-04T08:05:05.897830
573,20,2024-11-18T08:05:05.897866,17.02,80.77,2.37,1010.32,3.27,Synthetic Data - Grupo 7,2025-11-04T08:05:05.897900
574,20,2025-03-18T08:05:05.897937,26.89,68.81,9.29,1010.1,2.16,Synthetic Data - Grupo 7,2025-11-04T08:05:05.897970
575,3,2025-03-04T08:05:05.898006,17.1,50.75,4.8,1019.59,2.64,Synthetic Data - Grupo 7,2025-11-04T08:05:05.898039
576,17,2025-06-19T08:05:05.898076,27.06,72.79,3.63,1018.3,3.72,Synthetic Data - Grupo 7,2025-11-04T08:05:05.898109
577,18,2025-03-21T08:05:05.898149,15.87,56.23,1.54,1009.77,1.43,Synthetic Data - Grupo 7,2025-11-04T08:05:05.898182
578,16,2025-10-31T08:05:05.898222,24.01,54.05,3.62,1009.53,4.06,Synthetic Data - Grupo 7,2025-11-04T08:05:05.898255
579,12,2025-06-02T08:05:05.898292,22.92,86.97,5.94,1013.51,2.37,Synthetic Data - Grupo 7,2025-11-04T08:05:05.898325
580,9,2025-10-04T08:05:05.898361,29.72,72.03,1.07,1006.86,1.4,Synthetic Data - Grupo 7,2025-11-04T08:05:05.898394
581,15,2024-11-08T08:05:05.898431,29.68,100.0,2.57,1011.57,6.28,Synthetic Data - Grupo 7,2025-11-04T08:05:05.898464
582,6,2025-09-01T08:05:05.898504,17.68,79.97,14.43,1008.06,3.3,Synthetic Data - Grupo 7,2025-11-04T08:05:05.898537
583,17,2025-03-31T08:05:05.898574,25.63,64.05,15.19,1015.34,4.47,Synthetic Data - Grupo 7,2025-11-04T08:05:05.898607
584,12,2025-08-07T08:05:05.898643,27.19,71.19,0.45,1013.33,6.08,Synthetic Data - Grupo 7,2025-11-04T08:05:05.898676
585,3,2025-04-22T08:05:05.898712,25.4,60.58,8.38,998.54,2.94,Synthetic Data - Grupo 7,2025-11-04T08:05:05.898745
586,7,2025-09-10T08:05:05.898781,20.54,80.05,29.99,1014.01,1.56,Synthetic Data - Grupo 7,2025-11-04T08:05:05.898814
587,10,2025-11-01T08:05:05.898851,16.89,54.91,1.37,1004.45,8.64,Synthetic Data - Grupo 7,2025-11-04T08:05:05.898884
588,11,2025-09-03T08:05:05.898920,31.64,50.71,4.5,1017.37,1.21,Synthetic Data - Grupo 7,2025-11-04T08:05:05.898953
589,10,2024-12-04T08:05:05.898989,24.84,67.82,3.22,1011.4,2.29,Synthetic Data - Grupo 7,2025-11-04T08:05:05.899023
590,3,2025-05-15T08:05:05.899059,19.8,95.27,2.72,1018.0,1.77,Synthetic Data - Grupo 7,2025-11-04T08:05:05.899093
591,2,2025-09-17T08:05:05.899129,33.28,86.06,0.2,1019.36,3.75,Synthetic Data - Grupo 7,2025-11-04T08:05:05.899162
592,2,2025-04-03T08:05:05.899198,24.79,37.44,3.84,1010.44,2.3,Synthetic Data - Grupo 7,2025-11-04T08:05:05.899231
593,12,2025-04-24T08:05:05.899267,33.66,62.28,9.94,1014.22,1.72,Synthetic Data - Grupo 7,2025-11-04T08:05:05.899301
594,4,2024-11-19T08:05:05.899341,24.83,65.29,0.86,1015.1,1.58,Synthetic Data - Grupo 7,2025-11-04T08:05:05.899375
595,5,2024-12-07T08:05:05.899411,16.8,87.91,0.97,1020.83,3.63,Synthetic Data - Grupo 7,2025-11-04T08:05:05.899444
596,12,2025-07-11T08:05:05.899484,27.3,67.38,2.1,1012.95,4.19,Synthetic Data - Grupo 7,2025-11-04T08:05:05.899518
597,5,2025-10-26T08:05:05.899554,20.14,84.73,1.02,1010.61,4.35,Synthetic Data - Grupo 7,2025-11-04T08:05:05.899587
598,8,2025-05-23T08:05:05.899623,15.98,64.46,4.13,1014.26,1.52,Synthetic Data - Grupo 7,2025-11-04T08:05:05.899658
599,11,2025-01-17T08:05:05.899694,13.07,62.56,10.92,1011.47,5.61,Synthetic Data - Grupo 7,2025-11-04T08:05:05.899727
600,16,2024-12-28T08:05:05.899764,29.86,71.77,1.52,1002.96,2.58,Synthetic Data - Grupo 7,2025-11-04T08:05:05.899801
601,19,2024-11-17T08:05:05.899839,21.03,72.24,0.84,1015.47,0.06,Synthetic Data - Grupo 7,2025-11-04T08:05:05.899873
602,20,2025-05-17T08:05:05.899909,23.72,61.93,16.99,1012.2,4.57,Synthetic Data - Grupo 7,2025-11-04T08:05:05.899942
603,9,2024-12-03T08:05:05.899978,27.95,72.53,5.69,1022.77,7.69,Synthetic Data - Grupo 7,2025-11-04T08:05:05.900011
604,9,2025-10-19T08:05:05.900050,25.15,63.53,5.83,1009.04,5.44,Synthetic Data - Grupo 7,2025-11-04T08:05:05.900084
605,7,2025-08-16T08:05:05.900120,24.62,67.79,0.55,1010.34,2.69,Synthetic Data - Grupo 7,2025-11-04T08:05:05.900154
606,18,2025-10-19T08:05:05.900190,26.56,75.18,0.07,1013.89,0.32,Synthetic Data - Grupo 7,2025-11-04T08:05:05.900223
607,13,2025-08-21T08:05:05.900259,20.5,78.88,6.94,1010.22,2.38,Synthetic Data - Grupo 7,2025-11-04T08:05:05.900292
608,7,2024-11-28T08:05:05.900329,27.46,69.14,4.23,1018.29,3.87,Synthetic Data - Grupo 7,2025-11-04T08:05:05.900362
609,2,2024-12-13T08:05:05.900398,20.11,65.57,1.52,1021.19,5.17,Synthetic Data - Grupo 7,2025-11-04T08:05:05.900432
610,19,2025-10-01T08:05:05.900468,29.01,100.0,5.86,1010.58,6.33,Synthetic Data - Grupo 7,2025-11-04T08:05:05.900500
611,2,2025-03-15T08:05:05.900537,22.28,58.57,0.64,1011.21,2.74,Synthetic Data - Grupo 7,2025-11-04T08:05:05.900570
612,1,2025-06-23T08:05:05.900606,24.51,40.09,1.93,1010.01,1.41,Synthetic Data - Grupo 7,2025-11-04T08:05:05.900639
613,18,2025-08-23T08:05:05.900678,36.05,75.29,7.72,1011.23,6.81,Synthetic Data - Grupo 7,2025-11-04T08:05:05.900712
614,2,2025-04-21T08:05:05.900748,26.65,69.92,1.63,1021.03,1.51,Synthetic Data - Grupo 7,2025-11-04T08:05:05.900781
615,5,2025-11-02T08:05:05.900817,31.03,47.09,3.94,1011.09,1.87,Synthetic Data - Grupo 7,2025-11-04T08:05:05.900850
616,6,2025-04-08T08:05:05.900890,33.25,59.22,1.23,1006.46,1.17,Synthetic Data - Grupo 7,2025-11-04T08:05:05.900924
617,8,2024-12-16T08:05:05.900960,20.54,53.6,1.32,1015.49,1.83,Synthetic Data - Grupo 7,2025-11-04T08:05:05.900994
618,15,2025-07-21T08:05:05.901031,28.54,61.07,2.96,1017.5,6.37,Synthetic Data - Grupo 7,2025-11-04T08:05:05.901066
619,9,2024-12-27T08:05:05.901104,30.48,86.26,12.33,1021.02,4.71,Synthetic Data - Grupo 7,2025-11-04T08:05:05.901138
620,13,2025-10-01T08:05:05.901174,21.77,39.05,4.33,1011.41,3.79,Synthetic Data - Grupo 7,2025-11-04T08:05:05.901207
621,2,2025-08-30T08:05:05.901243,29.78,40.51,1.0,1012.59,0.36,Synthetic Data - Grupo 7,2025-11-04T08:05:05.901276
622,12,2025-04-20T08:05:05.901312,25.24,63.88,0.89,1003.83,6.34,Synthetic Data - Grupo 7,2025-11-04T08:05:05.901345
623,20,2025-08-08T08:05:05.901381,17.51,62.03,3.46,1012.65,1.7,Synthetic Data - Grupo 7,2025-11-04T08:05:05.901414
624,5,2025-02-04T08:05:05.901450,29.41,59.91,2.85,1014.12,4.46,Synthetic Data - Grupo 7,2025-11-04T08:05:05.901483
625,16,2025-01-09T08:05:05.901519,15.96,62.49,0.55,1015.19,0.19,Synthetic Data - Grupo 7,2025-11-04T08:05:05.901553
626,7,2025-01-08T08:05:05.901589,35.21,81.57,1.9,1019.53,0.99,Synthetic Data - Grupo 7,2025-11-04T08:05:05.901622
627,15,2025-09-13T08:05:05.901659,27.79,65.44,8.61,1008.08,3.21,Synthetic Data - Grupo 7,2025-11-04T08:05:05.901692
628,19,2025-09-02T08:05:05.901728,27.4,82.59,2.08,1006.21,4.23,Synthetic Data - Grupo 7,2025-11-04T08:05:05.901761
629,11,2025-10-15T08:05:05.901800,24.18,43.91,0.11,1007.74,4.09,Synthetic Data - Grupo 7,2025-11-04T08:05:05.901834
630,3,2025-01-18T08:05:05.901870,21.93,68.12,0.2,1017.23,6.98,Synthetic Data - Grupo 7,2025-11-04T08:05:05.901904
631,10,2025-08-28T08:05:05.901940,22.72,68.26,7.67,1018.7,5.4,Synthetic Data - Grupo 7,2025-11-04T08:05:05.901973
632,16,2025-05-12T08:05:05.902009,24.2,78.6,6.01,1016.64,2.53,Synthetic Data - Grupo 7,2025-11-04T08:05:05.902057
633,15,2025-07-05T08:05:05.902087,24.26,76.44,18.02,1009.42,3.32,Synthetic Data - Grupo 7,2025-11-04T08:05:05.902113
634,6,2025-08-07T08:05:05.902143,26.85,63.01,9.13,1005.44,2.53,Synthetic Data - Grupo 7,2025-11-04T08:05:05.902170
635,6,2025-10-15T08:05:05.902208,27.5,80.8,0.13,1006.25,3.64,Synthetic Data - Grupo 7,2025-11-04T08:05:05.902236
636,18,2025-03-01T08:05:05.902265,34.01,100.0,5.76,1017.12,5.97,Synthetic Data - Grupo 7,2025-11-04T08:05:05.902294
637,13,2025-09-29T08:05:05.902325,29.61,71.86,9.17,1009.87,7.79,Synthetic Data - Grupo 7,2025-11-04T08:05:05.902352
638,9,2025-03-01T08:05:05.902382,26.44,46.73,0.13,1016.31,5.66,Synthetic Data - Grupo 7,2025-11-04T08:05:05.902409
639,5,2025-09-24T08:05:05.902440,31.99,61.3,0.67,1007.22,4.42,Synthetic Data - Grupo 7,2025-11-04T08:05:05.902467
640,1,2025-08-10T08:05:05.902496,20.98,52.8,0.56,1015.33,4.24,Synthetic Data - Grupo 7,2025-11-04T08:05:05.902523
641,2,2024-12-26T08:05:05.902553,31.42,82.69,0.29,1015.57,5.27,Synthetic Data - Grupo 7,2025-11-04T08:05:05.902580
642,1,2025-04-10T08:05:05.902610,27.25,62.86,15.39,1012.65,5.24,Synthetic Data - Grupo 7,2025-11-04T08:05:05.902637
643,12,2025-01-08T08:05:05.902666,21.83,76.31,3.47,1010.11,1.05,Synthetic Data - Grupo 7,2025-11-04T08:05:05.902693
644,2,2025-02-11T08:05:05.902723,28.38,69.62,12.13,1019.38,2.94,Synthetic Data - Grupo 7,2025-11-04T08:05:05.902750
645,17,2025-10-10T08:05:05.902780,31.26,77.33,1.26,1006.67,11.11,Synthetic Data - Grupo 7,2025-11-04T08:05:05.902806
646,13,2025-11-04T08:05:05.902836,27.37,58.39,8.53,1012.72,5.99,Synthetic Data - Grupo 7,2025-11-04T08:05:05.902863
647,19,2025-09-01T08:05:05.902893,15.81,67.29,3.01,1008.37,5.57,Synthetic Data - Grupo 7,2025-11-04T08:05:05.902920
648,4,2025-01-17T08:05:05.902950,27.48,60.56,0.67,1010.53,1.01,Synthetic Data - Grupo 7,2025-11-04T08:05:05.902977
649,12,2025-07-25T08:05:05.903007,21.85,66.09,3.57,1006.81,2.78,Synthetic Data - Grupo 7,2025-11-04T08:05:05.903034
650,2,2025-03-06T08:05:05.903063,19.56,69.78,5.79,1011.93,2.26,Synthetic Data - Grupo 7,2025-11-04T08:05:05.903090
651,2,2025-03-07T08:05:05.903125,23.25,77.57,8.49,1011.05,1.99,Synthetic Data - Grupo 7,2025-11-04T08:05:05.903153
652,12,2024-11-15T08:05:05.903183,10.32,56.72,2.98,1013.81,5.26,Synthetic Data - Grupo 7,2025-11-04T08:05:05.903210
653,18,2025-10-27T08:05:05.903240,18.31,63.28,1.9,1007.98,5.3,Synthetic Data - Grupo 7,2025-11-04T08:05:05.903269
654,18,2025-05-17T08:05:05.903299,30.22,82.28,0.98,1013.79,2.95,Synthetic Data - Grupo 7,2025-11-04T08:05:05.903326
655,20,2025-01-16T08:05:05.903362,21.25,71.47,4.97,1012.25,3.53,Synthetic Data - Grupo 7,2025-11-04T08:05:05.903392
656,18,2025-04-15T08:05:05.903422,24.31,60.25,1.51,1016.09,2.84,Synthetic Data - Grupo 7,2025-11-04T08:05:05.903449
657,4,2025-10-11T08:05:05.903479,20.94,78.03,0.74,1014.38,4.49,Synthetic Data - Grupo 7,2025-11-04T08:05:05.903506
658,15,2025-06-28T08:05:05.903536,20.44,57.96,3.3,1007.7,3.76,Synthetic Data - Grupo 7,2025-11-04T08:05:05.903563
659,2,2025-01-23T08:05:05.903592,21.88,67.05,3.83,1009.95,3.31,Synthetic Data - Grupo 7,2025-11-04T08:05:05.903620
660,6,2025-01-10T08:05:05.903649,25.79,83.17,8.4,1011.77,1.39,Synthetic Data - Grupo 7,2025-11-04T08:05:05.903677
661,18,2025-08-12T08:05:05.903706,29.18,65.48,5.16,1013.41,2.42,Synthetic Data - Grupo 7,2025-11-04T08:05:05.903733
662,8,2025-07-30T08:05:05.903763,16.37,91.63,0.78,1010.44,1.13,Synthetic Data - Grupo 7,2025-11-04T08:05:05.903790
663,10,2025-05-22T08:05:05.903819,36.37,60.56,10.52,1015.19,1.15,Synthetic Data - Grupo 7,2025-11-04T08:05:05.903846
664,10,2025-03-30T08:05:05.903876,22.9,71.95,4.55,1009.41,1.92,Synthetic Data - Grupo 7,2025-11-04T08:05:05.903903
665,16,2025-04-14T08:05:05.903933,25.3,69.89,3.33,1013.89,5.91,Synthetic Data - Grupo 7,2025-11-04T08:05:05.903960
666,6,2025-07-22T08:05:05.903989,25.64,79.56,3.39,1021.08,2.93,Synthetic Data - Grupo 7,2025-11-04T08:05:05.904016
667,6,2025-06-08T08:05:05.904046,18.13,53.86,13.66,997.97,5.78,Synthetic Data - Grupo 7,2025-11-04T08:05:05.904073
668,8,2025-08-08T08:05:05.904102,26.34,56.34,7.53,1023.54,2.08,Synthetic Data - Grupo 7,2025-11-04T08:05:05.904129
669,13,2025-03-24T08:05:05.904159,22.64,60.37,3.64,1021.33,1.05,Synthetic Data - Grupo 7,2025-11-04T08:05:05.904186
670,3,2025-04-09T08:05:05.904215,29.79,51.13,6.32,1016.66,5.46,Synthetic Data - Grupo 7,2025-11-04T08:05:05.904243
671,18,2025-10-24T08:05:05.904273,30.53,66.53,1.43,1010.12,6.23,Synthetic Data - Grupo 7,2025-11-04T08:05:05.904300
672,3,2025-06-15T08:05:05.904330,30.65,48.35,0.1,1010.59,1.01,Synthetic Data - Grupo 7,2025-11-04T08:05:05.904357
673,6,2025-10-05T08:05:05.904386,18.76,65.59,0.87,1014.35,4.83,Synthetic Data - Grupo 7,2025-11-04T08:05:05.904415
674,3,2024-11-24T08:05:05.904450,31.36,73.77,0.72,1017.05,3.5,Synthetic Data - Grupo 7,2025-11-04T08:05:05.904478
675,13,2025-10-19T08:05:05.904507,19.31,60.87,8.18,1015.96,2.27,Synthetic Data - Grupo 7,2025-11-04T08:05:05.904534
676,3,2024-11-23T08:05:05.904564,28.85,71.9,4.29,1007.11,5.57,Synthetic Data - Grupo 7,2025-11-04T08:05:05.904591
677,5,2025-05-09T08:05:05.904624,25.56,39.5,3.46,1023.56,3.91,Synthetic Data - Grupo 7,2025-11-04T08:05:05.904651
678,6,2025-05-20T08:05:05.904681,22.56,76.1,0.95,1008.19,4.14,Synthetic Data - Grupo 7,2025-11-04T08:05:05.904709
679,19,2025-01-18T08:05:05.904738,29.79,58.14,4.93,1013.17,5.74,Synthetic Data - Grupo 7,2025-11-04T08:05:05.904766
680,20,2025-08-28T08:05:05.904798,21.88,94.07,0.71,1011.57,11.62,Synthetic Data - Grupo 7,2025-11-04T08:05:05.904825
681,12,2025-04-14T08:05:05.904855,35.14,78.77,0.69,1011.15,2.13,Synthetic Data - Grupo 7,2025-11-04T08:05:05.904882
682,18,2025-10-21T08:05:05.904912,26.47,79.92,1.34,1006.68,5.39,Synthetic Data - Grupo 7,2025-11-04T08:05:05.904939
683,7,2025-11-01T08:05:05.904968,26.92,55.08,2.79,1014.25,4.79,Synthetic Data - Grupo 7,2025-11-04T08:05:05.904995
684,14,2025-08-18T08:05:05.905025,20.8,90.41,13.76,1013.13,5.29,Synthetic Data - Grupo 7,2025-11-04T08:05:05.905052
685,20,2025-05-31T08:05:05.905082,25.1,69.64,3.19,1019.01,7.53,Synthetic Data - Grupo 7,2025-11-04T08:05:05.905109
686,18,2025-08-24T08:05:05.905139,24.83,68.48,4.25,1002.54,5.6,Synthetic Data - Grupo 7,2025-11-04T08:05:05.905166
687,20,2025-04-23T08:05:05.905195,21.75,73.29,0.93,1011.45,0.83,Synthetic Data - Grupo 7,2025-11-04T08:05:05.905222
688,3,2025-10-20T08:05:05.905252,23.7,39.24,2.96,1016.7,3.08,Synthetic Data - Grupo 7,2025-11-04T08:05:05.905279
689,9,2025-06-24T08:05:05.905308,26.88,93.74,1.15,1011.71,8.54,Synthetic Data - Grupo 7,2025-11-04T08:05:05.905335
690,1,2025-07-27T08:05:05.905364,22.9,79.89,0.27,1008.98,2.5,Synthetic Data - Grupo 7,2025-11-04T08:05:05.905391
691,14,2025-02-23T08:05:05.905421,27.07,55.9,11.82,1018.79,2.94,Synthetic Data - Grupo 7,2025-11-04T08:05:05.905450
692,16,2025-10-12T08:05:05.905480,24.08,80.2,3.94,1012.01,6.33,Synthetic Data - Grupo 7,2025-11-04T08:05:05.905507
693,8,2025-05-07T08:05:05.905537,19.75,64.32,0.6,1013.73,5.09,Synthetic Data - Grupo 7,2025-11-04T08:05:05.905564
694,19,2025-10-21T08:05:05.905596,28.1,57.48,7.06,1005.75,1.65,Synthetic Data - Grupo 7,2025-11-04T08:05:05.905624
695,15,2025-03-06T08:05:05.905657,25.38,80.28,5.07,1012.29,2.95,Synthetic Data - Grupo 7,2025-11-04T08:05:05.905684
696,8,2025-06-19T08:05:05.905713,32.02,61.57,3.59,1015.4,2.76,Synthetic Data - Grupo 7,2025-11-04T08:05:05.905741
697,12,2024-12-17T08:05:05.905770,29.35,84.23,0.73,1011.62,4.08,Synthetic Data - Grupo 7,2025-11-04T08:05:05.905797
698,18,2025-06-07T08:05:05.905827,18.17,59.34,3.36,1013.95,3.24,Synthetic Data - Grupo 7,2025-11-04T08:05:05.905854
699,18,2024-11-17T08:05:05.905884,16.19,65.21,2.31,1003.77,5.8,Synthetic Data - Grupo 7,2025-11-04T08:05:05.905911
700,17,2025-06-23T08:05:05.905941,23.75,56.77,1.38,1011.89,2.46,Synthetic Data - Grupo 7,2025-11-04T08:05:05.905968
701,6,2025-01-19T08:05:05.905998,20.22,75.54,12.67,1013.27,6.52,Synthetic Data - Grupo 7,2025-11-04T08:05:05.906025
702,20,2025-08-04T08:05:05.906055,24.85,81.91,1.9,1016.29,6.83,Synthetic Data - Grupo 7,2025-11-04T08:05:05.906082
703,8,2025-07-28T08:05:05.906112,28.35,79.06,0.83,1006.12,0.82,Synthetic Data - Grupo 7,2025-11-04T08:05:05.906139
704,2,2025-10-29T08:05:05.906169,20.49,79.05,2.28,1014.34,1.63,Synthetic Data - Grupo 7,2025-11-04T08:05:05.906196
705,4,2024-11-06T08:05:05.906225,31.66,42.08,12.11,1006.64,3.91,Synthetic Data - Grupo 7,2025-11-04T08:05:05.906252
706,20,2025-08-14T08:05:05.906285,31.76,89.39,10.08,1013.49,1.51,Synthetic Data - Grupo 7,2025-11-04T08:05:05.906313
707,16,2025-07-13T08:05:05.906343,19.31,75.47,7.98,1010.76,3.99,Synthetic Data - Grupo 7,2025-11-04T08:05:05.906370
708,15,2024-12-04T08:05:05.906399,21.22,64.92,2.46,1012.64,6.75,Synthetic Data - Grupo 7,2025-11-04T08:05:05.906427
709,5,2025-07-23T08:05:05.906456,29.58,68.71,0.26,1011.07,6.16,Synthetic Data - Grupo 7,2025-11-04T08:05:05.906485
710,2,2025-04-18T08:05:05.906516,22.14,99.86,9.03,1019.99,9.39,Synthetic Data - Grupo 7,2025-11-04T08:05:05.906544
711,8,2025-03-13T08:05:05.906573,32.64,75.48,6.25,1014.63,0.88,Synthetic Data - Grupo 7,2025-11-04T08:05:05.906600
712,8,2025-09-09T08:05:05.906630,23.75,62.1,6.82,1018.05,1.08,Synthetic Data - Grupo 7,2025-11-04T08:05:05.906657
713,2,2025-01-07T08:05:05.906690,25.24,67.4,0.89,1013.85,17.39,Synthetic Data - Grupo 7,2025-11-04T08:05:05.906717
714,2,2024-11-18T08:05:05.906747,30.44,74.73,10.98,1021.81,3.02,Synthetic Data - Grupo 7,2025-11-04T08:05:05.906774
715,1,2025-07-15T08:05:05.906804,27.82,94.54,5.22,1013.42,2.54,Synthetic Data - Grupo 7,2025-11-04T08:05:05.906832
716,1,2025-02-02T08:05:05.906861,21.66,66.63,1.07,1012.43,5.02,Synthetic Data - Grupo 7,2025-11-04T08:05:05.906888
717,17,2025-05-12T08:05:05.906917,24.71,73.66,1.55,1008.71,2.92,Synthetic Data - Grupo 7,2025-11-04T08:05:05.906944
718,1,2025-09-10T08:05:05.906974,26.75,73.43,5.47,1014.54,1.82,Synthetic Data - Grupo 7,2025-11-04T08:05:05.907001
719,4,2025-01-01T08:05:05.907031,24.13,65.1,19.56,1020.99,5.61,Synthetic Data - Grupo 7,2025-11-04T08:05:05.907070
720,12,2025-10-29T08:05:05.907095,25.38,62.32,12.68,1013.21,4.78,Synthetic Data - Grupo 7,2025-11-04T08:05:05.907118
721,13,2024-12-07T08:05:05.907143,22.63,72.84,3.13,1012.07,0.67,Synthetic Data - Grupo 7,2025-11-04T08:05:05.907166
722,15,2025-03-27T08:05:05.907191,21.42,70.09,12.38,1006.93,4.66,Synthetic Data - Grupo 7,2025-11-04T08:05:05.907214
723,14,2024-11-23T08:05:05.907239,34.01,73.19,4.35,1018.22,8.23,Synthetic Data - Grupo 7,2025-11-04T08:05:05.907262
724,7,2025-08-30T08:05:05.907287,23.67,88.12,5.23,1017.06,8.31,Synthetic Data - Grupo 7,2025-11-04T08:05:05.907310
725,12,2025-03-12T08:05:05.907335,14.63,69.67,2.9,1015.15,5.97,Synthetic Data - Grupo 7,2025-11-04T08:05:05.907358
726,18,2025-10-16T08:05:05.907383,25.53,74.54,3.7,1012.68,2.5,Synthetic Data - Grupo 7,2025-11-04T08:05:05.907406
727,4,2025-08-07T08:05:05.907431,21.93,60.87,1.05,1011.11,1.75,Synthetic Data - Grupo 7,2025-11-04T08:05:05.907454
728,7,2025-03-26T08:05:05.907481,27.76,65.07,0.74,1017.67,0.54,Synthetic Data - Grupo 7,2025-11-04T08:05:05.907504
729,5,2025-04-09T08:05:05.907529,31.52,62.25,3.4,1015.86,1.7,Synthetic Data - Grupo 7,2025-11-04T08:05:05.907552
730,12,2025-08-05T08:05:05.907577,32.73,86.48,2.38,1018.15,6.65,Synthetic Data - Grupo 7,2025-11-04T08:05:05.907601
731,20,2025-05-10T08:05:05.907628,23.0,64.91,37.69,1007.47,11.4,Synthetic Data - Grupo 7,2025-11-04T08:05:05.907652
732,12,2025-10-02T08:05:05.907677,25.0,62.18,4.59,1013.63,2.73,Synthetic Data - Grupo 7,2025-11-04T08:05:05.907700
733,20,2025-07-15T08:05:05.907735,29.45,53.17,14.86,1017.03,2.01,Synthetic Data - Grupo 7,2025-11-04T08:05:05.907758
734,12,2025-03-31T08:05:05.907783,28.53,87.86,8.68,1014.24,3.54,Synthetic Data - Grupo 7,2025-11-04T08:05:05.907806
735,2,2024-11-13T08:05:05.907831,28.64,100.0,6.92,1016.98,8.39,Synthetic Data - Grupo 7,2025-11-04T08:05:05.907854
736,19,2025-01-06T08:05:05.907880,24.8,48.94,15.03,1006.83,0.44,Synthetic Data - Grupo 7,2025-11-04T08:05:05.907903
737,12,2025-03-13T08:05:05.907928,21.33,45.15,1.23,1011.71,3.16,Synthetic Data - Grupo 7,2025-11-04T08:05:05.907951
738,17,2025-08-04T08:05:05.907976,23.63,69.79,0.44,1015.94,5.37,Synthetic Data - Grupo 7,2025-11-04T08:05:05.907999
739,19,2025-03-21T08:05:05.908024,26.96,76.8,3.55,1015.91,2.3,Synthetic Data - Grupo 7,2025-11-04T08:05:05.908046
740,15,2024-12-27T08:05:05.908071,22.78,61.63,1.19,1010.13,4.92,Synthetic Data - Grupo 7,2025-11-04T08:05:05.908094
741,17,2025-07-04T08:05:05.908120,22.88,85.87,9.21,1017.54,3.66,Synthetic Data - Grupo 7,2025-11-04T08:05:05.908143
742,7,2025-07-25T08:05:05.908168,25.0,86.61,0.32,1017.18,8.67,Synthetic Data - Grupo 7,2025-11-04T08:05:05.908191
743,5,2025-09-05T08:05:05.908216,24.8,43.68,0.45,1013.69,17.97,Synthetic Data - Grupo 7,2025-11-04T08:05:05.908239
744,11,2024-12-07T08:05:05.908264,15.61,67.77,1.5,1016.14,2.49,Synthetic Data - Grupo 7,2025-11-04T08:05:05.908288
745,2,2024-11-28T08:05:05.908313,22.93,55.07,5.97,1002.7,7.02,Synthetic Data - Grupo 7,2025-11-04T08:05:05.908336
746,7,2025-05-28T08:05:05.908361,26.09,63.31,12.63,1009.06,0.87,Synthetic Data - Grupo 7,2025-11-04T08:05:05.908389
747,19,2024-11-17T08:05:05.908416,10.58,71.26,2.08,1008.11,6.66,Synthetic Data - Grupo 7,2025-11-04T08:05:05.908439
748,14,2025-06-06T08:05:05.908465,29.55,92.89,3.3,1016.94,2.82,Synthetic Data - Grupo 7,2025-11-04T08:05:05.908487
749,12,2025-01-13T08:05:05.908513,36.91,82.41,2.28,1013.53,8.36,Synthetic Data - Grupo 7,2025-11-04T08:05:05.908536
750,11,2024-11-14T08:05:05.908561,24.12,75.99,10.18,1009.13,5.9,Synthetic Data - Grupo 7,2025-11-04T08:05:05.908584
751,6,2025-10-14T08:05:05.908609,29.82,96.09,2.75,1009.83,1.4,Synthetic Data - Grupo 7,2025-11-04T08:05:05.908632
752,6,2025-03-04T08:05:05.908657,28.5,81.0,18.0,1011.16,2.88,Synthetic Data - Grupo 7,2025-11-04T08:05:05.908680
753,18,2025-09-27T08:05:05.908705,31.47,66.22,3.99,1012.62,1.74,Synthetic Data - Grupo 7,2025-11-04T08:05:05.908728
754,9,2025-02-12T08:05:05.908753,32.91,65.36,7.9,1017.86,3.3,Synthetic Data - Grupo 7,2025-11-04T08:05:05.908776
755,15,2025-07-19T08:05:05.908801,29.1,76.36,0.46,1011.0,5.91,Synthetic Data - Grupo 7,2025-11-04T08:05:05.908824
756,8,2025-08-13T08:05:05.908849,17.36,62.45,1.93,1010.94,1.77,Synthetic Data - Grupo 7,2025-11-04T08:05:05.908872
757,1,2025-04-06T08:05:05.908897,27.31,74.33,7.07,1018.96,1.63,Synthetic Data - Grupo 7,2025-11-04T08:05:05.908920
758,1,2025-01-29T08:05:05.908945,21.97,81.01,0.33,1006.32,5.57,Synthetic Data - Grupo 7,2025-11-04T08:05:05.908968
759,16,2025-03-12T08:05:05.908993,26.76,77.86,0.09,1027.2,9.58,Synthetic Data - Grupo 7,2025-11-04T08:05:05.909016
760,10,2025-01-24T08:05:05.909041,21.12,71.18,7.81,1016.39,1.25,Synthetic Data - Grupo 7,2025-11-04T08:05:05.909065
761,10,2025-10-10T08:05:05.909090,18.92,90.45,8.27,1015.99,0.57,Synthetic Data - Grupo 7,2025-11-04T08:05:05.909112
762,20,2025-08-06T08:05:05.909144,23.07,41.98,8.52,1013.4,5.7,Synthetic Data - Grupo 7,2025-11-04T08:05:05.909168
763,8,2025-09-21T08:05:05.909193,23.96,65.31,6.17,1014.42,4.04,Synthetic Data - Grupo 7,2025-11-04T08:05:05.909216
764,19,2025-09-18T08:05:05.909241,17.5,64.8,1.72,1011.64,7.64,Synthetic Data - Grupo 7,2025-11-04T08:05:05.909264
765,8,2025-05-28T08:05:05.909289,24.58,87.24,0.02,1012.85,2.9,Synthetic Data - Grupo 7,2025-11-04T08:05:05.909312
766,5,2025-06-26T08:05:05.909337,20.69,78.39,10.97,1007.39,2.88,Synthetic Data - Grupo 7,2025-11-04T08:05:05.909360
767,9,2025-10-08T08:05:05.909385,29.88,75.76,6.69,1012.14,6.61,Synthetic Data - Grupo 7,2025-11-04T08:05:05.909407
768,3,2024-12-15T08:05:05.909433,27.38,43.8,1.81,1019.13,2.88,Synthetic Data - Grupo 7,2025-11-04T08:05:05.909456
769,9,2025-09-06T08:05:05.909481,25.73,60.27,4.6,1024.12,9.6,Synthetic Data - Grupo 7,2025-11-04T08:05:05.909503
770,15,2025-10-28T08:05:05.909528,21.28,65.04,10.2,1007.73,4.56,Synthetic Data - Grupo 7,2025-11-04T08:05:05.909551
771,8,2025-03-20T08:05:05.909576,23.35,95.12,22.68,1012.21,2.23,Synthetic Data - Grupo 7,2025-11-04T08:05:05.909599
772,1,2025-02-07T08:05:05.909624,30.68,56.31,10.39,1013.84,7.32,Synthetic Data - Grupo 7,2025-11-04T08:05:05.909646
773,20,2025-09-01T08:05:05.909671,26.6,60.0,1.5,1011.15,2.56,Synthetic Data - Grupo 7,2025-11-04T08:05:05.909694
774,14,2025-06-19T08:05:05.909718,17.78,90.55,3.83,1015.89,4.88,Synthetic Data - Grupo 7,2025-11-04T08:05:05.909741
775,8,2025-04-14T08:05:05.909766,30.36,59.23,0.27,1007.52,3.16,Synthetic Data - Grupo 7,2025-11-04T08:05:05.909789
776,3,2025-02-13T08:05:05.909814,27.68,78.29,13.45,1016.76,5.94,Synthetic Data - Grupo 7,2025-11-04T08:05:05.909837
777,2,2025-10-04T08:05:05.909862,28.3,53.9,2.6,1017.21,3.39,Synthetic Data - Grupo 7,2025-11-04T08:05:05.909885
778,18,2025-06-11T08:05:05.909909,31.76,47.31,0.87,1011.22,0.98,Synthetic Data - Grupo 7,2025-11-04T08:05:05.909932
779,6,2024-12-06T08:05:05.909957,23.93,86.78,2.44,1017.35,9.48,Synthetic Data - Grupo 7,2025-11-04T08:05:05.909980
780,11,2025-06-05T08:05:05.910005,26.2,81.0,0.37,1013.31,1.64,Synthetic Data - Grupo 7,2025-11-04T08:05:05.910028
781,13,2025-04-02T08:05:05.910054,26.53,51.19,15.85,1008.74,3.35,Synthetic Data - Grupo 7,2025-11-04T08:05:05.910076
782,2,2024-12-25T08:05:05.910101,18.33,65.74,1.06,1009.18,6.15,Synthetic Data - Grupo 7,2025-11-04T08:05:05.910124
783,9,2024-12-10T08:05:05.910149,23.09,40.36,14.34,1008.1,2.41,Synthetic Data - Grupo 7,2025-11-04T08:05:05.910173
784,9,2025-01-24T08:05:05.910198,24.11,79.84,3.38,1005.72,2.36,Synthetic Data - Grupo 7,2025-11-04T08:05:05.910221
785,8,2025-03-27T08:05:05.910246,28.84,81.41,2.2,1017.26,1.94,Synthetic Data - Grupo 7,2025-11-04T08:05:05.910269
786,12,2025-05-24T08:05:05.910294,18.82,92.85,7.03,1014.82,11.72,Synthetic Data - Grupo 7,2025-11-04T08:05:05.910334
787,12,2025-09-18T08:05:05.910397,35.0,87.1,0.2,1021.52,1.21,Synthetic Data - Grupo 7,2025-11-04T08:05:05.910442
788,6,2025-07-22T08:05:05.910489,24.23,57.09,0.69,1012.82,5.34,Synthetic Data - Grupo 7,2025-11-04T08:05:05.910531
789,2,2025-02-12T08:05:05.910580,21.01,85.86,4.49,1012.19,3.37,Synthetic Data - Grupo 7,2025-11-04T08:05:05.910623
790,1,2025-06-06T08:05:05.910671,23.13,62.5,10.71,999.9,0.99,Synthetic Data - Grupo 7,2025-11-04T08:05:05.910714
791,12,2025-08-13T08:05:05.910763,28.1,38.04,5.66,1013.41,3.43,Synthetic Data - Grupo 7,2025-11-04T08:05:05.910805
792,1,2025-01-23T08:05:05.910858,25.67,76.43,1.77,1020.04,1.09,Synthetic Data - Grupo 7,2025-11-04T08:05:05.910910
793,20,2025-03-16T08:05:05.910997,21.87,72.17,2.67,1002.03,9.4,Synthetic Data - Grupo 7,2025-11-04T08:05:05.911067
794,20,2025-08-09T08:05:05.911121,28.68,70.93,9.01,1010.58,6.01,Synthetic Data - Grupo 7,2025-11-04T08:05:05.911165
795,8,2025-02-06T08:05:05.911287,29.96,64.5,8.1,1019.64,1.31,Synthetic Data - Grupo 7,2025-11-04T08:05:05.911340
796,4,2025-04-09T08:05:05.911392,19.74,36.04,6.12,1010.26,5.36,Synthetic Data - Grupo 7,2025-11-04T08:05:05.911429
797,11,2025-07-15T08:05:05.911607,32.23,55.01,2.45,1018.0,2.28,Synthetic Data - Grupo 7,2025-11-04T08:05:05.911636
798,20,2025-06-27T08:05:05.911668,32.75,81.85,0.11,1016.75,1.59,Synthetic Data - Grupo 7,2025-11-04T08:05:05.911692
799,19,2025-06-17T08:05:05.911719,24.2,100.0,0.2,1012.86,3.65,Synthetic Data - Grupo 7,2025-11-04T08:05:05.911743
800,9,2025-10-26T08:05:05.911769,28.79,49.9,3.03,1010.93,5.29,Synthetic Data - Grupo 7,2025-11-04T08:05:05.911793
801,11,2024-12-20T08:05:05.911818,26.15,62.27,7.69,1011.04,4.22,Synthetic Data - Grupo 7,2025-11-04T08:05:05.911843
802,5,2025-07-23T08:05:05.911868,24.85,81.63,3.37,1014.05,2.7,Synthetic Data - Grupo 7,2025-11-04T08:05:05.911891
803,1,2024-11-24T08:05:05.911916,35.09,73.46,7.54,1014.37,1.36,Synthetic Data - Grupo 7,2025-11-04T08:05:05.911940
804,2,2025-01-26T08:05:05.911965,25.21,82.07,0.07,1016.22,2.04,Synthetic Data - Grupo 7,2025-11-04T08:05:05.911988
805,1,2024-11-24T08:05:05.912026,20.8,88.25,7.24,1009.78,0.75,Synthetic Data - Grupo 7,2025-11-04T08:05:05.912047
806,9,2025-09-14T08:05:05.912069,29.74,65.56,0.22,1020.94,1.22,Synthetic Data - Grupo 7,2025-11-04T08:05:05.912089
807,15,2025-01-15T08:05:05.912111,19.16,67.79,5.45,1003.13,4.78,Synthetic Data - Grupo 7,2025-11-04T08:05:05.912132
808,5,2025-07-09T08:05:05.912153,25.15,74.72,0.86,1009.7,1.88,Synthetic Data - Grupo 7,2025-11-04T08:05:05.912173
809,7,2024-11-08T08:05:05.912195,30.11,60.14,7.41,1014.71,8.91,Synthetic Data - Grupo 7,2025-11-04T08:05:05.912215
810,1,2025-10-20T08:05:05.912237,24.79,69.43,0.95,1009.14,4.23,Synthetic Data - Grupo 7,2025-11-04T08:05:05.912302
811,7,2025-01-21T08:05:05.912353,25.98,82.92,5.34,1016.71,15.16,Synthetic Data - Grupo 7,2025-11-04T08:05:05.912380
812,3,2025-02-07T08:05:05.912409,19.97,58.26,2.93,1016.54,8.1,Synthetic Data - Grupo 7,2025-11-04T08:05:05.912435
813,2,2025-04-27T08:05:05.912464,27.91,74.02,1.92,1026.25,1.47,Synthetic Data - Grupo 7,2025-11-04T08:05:05.912491
814,6,2025-10-10T08:05:05.912519,30.03,69.98,2.89,1018.62,9.22,Synthetic Data - Grupo 7,2025-11-04T08:05:05.912545
815,14,2024-11-22T08:05:05.912574,31.99,77.3,8.51,1011.65,7.03,Synthetic Data - Grupo 7,2025-11-04T08:05:05.912600
816,13,2025-06-02T08:05:05.912628,22.27,61.12,2.54,1023.29,2.4,Synthetic Data - Grupo 7,2025-11-04T08:05:05.912656
817,3,2025-07-17T08:05:05.912684,21.02,65.62,1.47,1011.67,5.84,Synthetic Data - Grupo 7,2025-11-04T08:05:05.912711
818,3,2025-04-23T08:05:05.912739,28.98,75.4,13.47,1010.51,2.96,Synthetic Data - Grupo 7,2025-11-04T08:05:05.912765
819,10,2025-07-26T08:05:05.912793,27.54,61.35,2.61,1009.31,7.74,Synthetic Data - Grupo 7,2025-11-04T08:05:05.912820
820,16,2025-07-19T08:05:05.912849,22.51,52.28,4.73,1013.15,9.99,Synthetic Data - Grupo 7,2025-11-04T08:05:05.912875
821,15,2025-03-01T08:05:05.912904,27.62,69.17,3.89,1015.14,3.73,Synthetic Data - Grupo 7,2025-11-04T08:05:05.912930
822,18,2025-09-23T08:05:05.912959,30.65,69.62,0.24,1011.91,0.37,Synthetic Data - Grupo 7,2025-11-04T08:05:05.912985
823,3,2025-02-08T08:05:05.913013,27.74,58.4,8.56,1022.49,0.51,Synthetic Data - Grupo 7,2025-11-04T08:05:05.913040
824,7,2025-04-12T08:05:05.913068,26.34,75.92,9.6,1010.87,2.8,Synthetic Data - Grupo 7,2025-11-04T08:05:05.913094
825,10,2025-05-02T08:05:05.913122,26.92,60.59,0.22,1013.37,2.33,Synthetic Data - Grupo 7,2025-11-04T08:05:05.913148
826,6,2025-07-10T08:05:05.913176,33.61,44.3,6.83,1008.49,0.44,Synthetic Data - Grupo 7,2025-11-04T08:05:05.913202
827,2,2025-09-02T08:05:05.913231,24.72,64.26,10.4,1010.13,2.66,Synthetic Data - Grupo 7,2025-11-04T08:05:05.913257
828,15,2025-01-20T08:05:05.913285,21.86,71.48,0.76,1006.77,4.87,Synthetic Data - Grupo 7,2025-11-04T08:05:05.913311
829,17,2025-09-18T08:05:05.913339,25.58,69.16,9.24,1011.08,3.88,Synthetic Data - Grupo 7,2025-11-04T08:05:05.913365
830,1,2025-05-29T08:05:05.913394,29.47,72.97,5.29,1014.35,3.11,Synthetic Data - Grupo 7,2025-11-04T08:05:05.913419
831,17,2025-09-05T08:05:05.913448,29.83,59.86,0.16,1013.15,4.85,Synthetic Data - Grupo 7,2025-11-04T08:05:05.913474
832,20,2025-03-20T08:05:05.913502,20.32,73.95,1.93,1011.19,4.79,Synthetic Data - Grupo 7,2025-11-04T08:05:05.913528
833,15,2025-08-03T08:05:05.913557,27.95,81.42,5.42,1011.35,2.8,Synthetic Data - Grupo 7,2025-11-04T08:05:05.913583
834,9,2025-03-13T08:05:05.913611,31.45,70.53,2.15,1007.85,2.82,Synthetic Data - Grupo 7,2025-11-04T08:05:05.913637
835,6,2025-07-11T08:05:05.913666,26.49,72.09,2.0,1012.98,2.02,Synthetic Data - Grupo 7,2025-11-04T08:05:05.913692
836,4,2025-06-11T08:05:05.913721,26.48,66.43,6.1,1022.56,0.22,Synthetic Data - Grupo 7,2025-11-04T08:05:05.913747
837,13,2025-04-30T08:05:05.913775,23.19,74.76,3.66,1009.78,1.91,Synthetic Data - Grupo 7,2025-11-04T08:05:05.913802
838,17,2025-04-24T08:05:05.913830,16.45,50.26,5.75,1009.37,3.39,Synthetic Data - Grupo 7,2025-11-04T08:05:05.913856
839,2,2025-05-11T08:05:05.913884,35.0,47.94,11.26,1017.03,3.28,Synthetic Data - Grupo 7,2025-11-04T08:05:05.913910
840,16,2025-07-02T08:05:05.913939,24.64,90.74,6.71,1023.29,2.7,Synthetic Data - Grupo 7,2025-11-04T08:05:05.913965
841,11,2025-01-04T08:05:05.913993,26.11,83.96,0.82,1005.67,4.7,Synthetic Data - Grupo 7,2025-11-04T08:05:05.914019
842,4,2025-02-19T08:05:05.914047,8.52,48.15,2.96,1022.33,5.56,Synthetic Data - Grupo 7,2025-11-04T08:05:05.914074
843,18,2025-05-18T08:05:05.914102,22.27,56.18,0.45,1010.17,1.52,Synthetic Data - Grupo 7,2025-11-04T08:05:05.914128
844,20,2025-09-15T08:05:05.914156,28.14,89.48,6.63,1025.99,1.4,Synthetic Data - Grupo 7,2025-11-04T08:05:05.914182
845,12,2025-11-04T08:05:05.914210,28.49,67.62,1.29,1014.09,1.91,Synthetic Data - Grupo 7,2025-11-04T08:05:05.914236
846,4,2025-03-09T08:05:05.914264,23.07,75.41,2.08,1008.45,4.76,Synthetic Data - Grupo 7,2025-11-04T08:05:05.914290
847,5,2025-05-18T08:05:05.914318,33.84,71.81,3.07,1012.53,3.25,Synthetic Data - Grupo 7,2025-11-04T08:05:05.914344
848,3,2025-03-06T08:05:05.914384,35.19,58.94,3.26,1008.83,5.53,Synthetic Data - Grupo 7,2025-11-04T08:05:05.914411
849,16,2024-11-17T08:05:05.914439,23.86,86.51,5.26,1011.1,0.7,Synthetic Data - Grupo 7,2025-11-04T08:05:05.914466
850,6,2025-05-30T08:05:05.914494,30.41,70.56,2.54,1018.46,12.18,Synthetic Data - Grupo 7,2025-11-04T08:05:05.914520
851,13,2025-05-02T08:05:05.914548,24.82,56.59,2.89,1011.06,3.09,Synthetic Data - Grupo 7,2025-11-04T08:05:05.914574
852,5,2025-07-08T08:05:05.914603,31.29,76.09,0.58,1004.74,1.3,Synthetic Data - Grupo 7,2025-11-04T08:05:05.914630
853,18,2025-08-01T08:05:05.914658,23.01,77.29,5.52,1019.26,3.77,Synthetic Data - Grupo 7,2025-11-04T08:05:05.914684
854,5,2025-01-15T08:05:05.914712,28.22,71.23,2.68,1017.98,0.66,Synthetic Data - Grupo 7,2025-11-04T08:05:05.914739
855,20,2025-10-20T08:05:05.914767,26.27,56.54,8.59,1008.17,1.67,Synthetic Data - Grupo 7,2025-11-04T08:05:05.914793
856,3,2025-07-13T08:05:05.914821,29.54,89.07,15.98,1008.21,6.42,Synthetic Data - Grupo 7,2025-11-04T08:05:05.914847
857,2,2025-04-20T08:05:05.914875,21.29,48.09,9.04,1012.27,1.14,Synthetic Data - Grupo 7,2025-11-04T08:05:05.914901
858,7,2025-08-25T08:05:05.914929,16.67,47.58,1.07,1013.67,1.92,Synthetic Data - Grupo 7,2025-11-04T08:05:05.914955
859,10,2025-03-29T08:05:05.914984,28.52,62.08,6.09,1012.38,5.14,Synthetic Data - Grupo 7,2025-11-04T08:05:05.915010
860,8,2025-03-27T08:05:05.915038,29.15,52.65,3.91,1015.04,0.78,Synthetic Data - Grupo 7,2025-11-04T08:05:05.915064
861,14,2024-11-15T08:05:05.915092,17.77,88.88,1.73,1004.89,1.22,Synthetic Data - Grupo 7,2025-11-04T08:05:05.915119
862,6,2025-05-01T08:05:05.915154,24.46,64.33,3.91,1015.23,1.94,Synthetic Data - Grupo 7,2025-11-04T08:05:05.915180
863,4,2024-11-22T08:05:05.915209,27.27,73.5,6.11,1008.01,9.53,Synthetic Data - Grupo 7,2025-11-04T08:05:05.915235
864,9,2025-01-26T08:05:05.915263,34.96,75.89,2.7,1013.83,10.18,Synthetic Data - Grupo 7,2025-11-04T08:05:05.915290
865,6,2025-01-12T08:05:05.915318,27.49,81.31,11.26,1008.01,4.86,Synthetic Data - Grupo 7,2025-11-04T08:05:05.915344
866,1,2025-07-17T08:05:05.915372,30.76,51.74,1.04,1005.51,7.24,Synthetic Data - Grupo 7,2025-11-04T08:05:05.915398
867,11,2024-12-21T08:05:05.915426,22.18,69.5,5.09,1009.84,4.09,Synthetic Data - Grupo 7,2025-11-04T08:05:05.915452
868,1,2025-04-05T08:05:05.915480,28.95,74.58,2.9,1014.25,4.47,Synthetic Data - Grupo 7,2025-11-04T08:05:05.915506
869,17,2025-09-10T08:05:05.915534,23.41,71.75,1.98,1010.24,3.75,Synthetic Data - Grupo 7,2025-11-04T08:05:05.915561
870,13,2025-02-06T08:05:05.915589,24.33,63.67,1.2,1016.52,7.88,Synthetic Data - Grupo 7,2025-11-04T08:05:05.915615
871,17,2025-04-18T08:05:05.915643,30.27,80.51,0.1,1013.84,6.43,Synthetic Data - Grupo 7,2025-11-04T08:05:05.915669
872,1,2025-02-10T08:05:05.915697,29.77,88.28,3.24,1011.23,3.62,Synthetic Data - Grupo 7,2025-11-04T08:05:05.915723
873,5,2025-08-28T08:05:05.915751,13.8,70.08,1.62,1019.89,6.72,Synthetic Data - Grupo 7,2025-11-04T08:05:05.915777
874,15,2024-12-07T08:05:05.915805,26.71,92.5,10.72,1021.83,16.94,Synthetic Data - Grupo 7,2025-11-04T08:05:05.915831
875,1,2025-06-01T08:05:05.915859,19.89,56.3,13.26,1014.48,1.07,Synthetic Data - Grupo 7,2025-11-04T08:05:05.915885
876,3,2024-11-21T08:05:05.915914,16.13,69.91,0.93,1020.29,5.87,Synthetic Data - Grupo 7,2025-11-04T08:05:05.915940
877,19,2025-02-19T08:05:05.915968,28.31,72.12,5.67,1021.54,1.71,Synthetic Data - Grupo 7,2025-11-04T08:05:05.915994
878,20,2025-08-20T08:05:05.916022,18.32,90.05,0.25,1013.28,2.25,Synthetic Data - Grupo 7,2025-11-04T08:05:05.916048
879,19,2025-08-02T08:05:05.916076,18.52,60.14,2.96,1014.32,3.23,Synthetic Data - Grupo 7,2025-11-04T08:05:05.916102
880,19,2025-02-21T08:05:05.916130,24.19,56.93,13.57,1021.23,15.14,Synthetic Data - Grupo 7,2025-11-04T08:05:05.916156
881,8,2025-06-21T08:05:05.916185,28.53,73.42,1.17,1010.06,3.96,Synthetic Data - Grupo 7,2025-11-04T08:05:05.916211
882,5,2025-09-10T08:05:05.916239,20.52,85.94,3.11,1007.13,4.34,Synthetic Data - Grupo 7,2025-11-04T08:05:05.916265
883,2,2025-01-11T08:05:05.916293,20.23,76.8,5.83,1011.97,1.32,Synthetic Data - Grupo 7,2025-11-04T08:05:05.916319
884,14,2024-11-25T08:05:05.916347,27.31,51.51,0.46,1020.65,1.7,Synthetic Data - Grupo 7,2025-11-04T08:05:05.916373
885,17,2025-01-21T08:05:05.916401,27.59,76.56,5.22,1011.07,4.65,Synthetic Data - Grupo 7,2025-11-04T08:05:05.916428
886,10,2025-07-27T08:05:05.916456,23.92,70.43,3.65,1013.11,2.23,Synthetic Data - Grupo 7,2025-11-04T08:05:05.916482
887,15,2025-09-26T08:05:05.916511,24.77,58.42,9.57,1005.06,11.79,Synthetic Data - Grupo 7,2025-11-04T08:05:05.916537
888,1,2025-02-18T08:05:05.916565,25.02,79.85,1.14,1013.78,1.38,Synthetic Data - Grupo 7,2025-11-04T08:05:05.916592
889,5,2025-03-16T08:05:05.916620,27.84,59.24,0.57,1011.28,5.58,Synthetic Data - Grupo 7,2025-11-04T08:05:05.916647
890,3,2025-03-19T08:05:05.916675,27.24,47.76,3.63,1011.12,3.72,Synthetic Data - Grupo 7,2025-11-04T08:05:05.916701
891,17,2025-03-24T08:05:05.916729,29.36,93.69,3.0,1009.94,5.53,Synthetic Data - Grupo 7,2025-11-04T08:05:05.916755
892,20,2025-07-14T08:05:05.916783,15.39,100.0,1.16,1014.81,0.16,Synthetic Data - Grupo 7,2025-11-04T08:05:05.916821
893,13,2025-05-26T08:05:05.916852,20.99,75.88,9.24,1009.0,4.76,Synthetic Data - Grupo 7,2025-11-04T08:05:05.916878
894,13,2025-05-25T08:05:05.916907,23.19,74.81,1.44,1008.8,3.45,Synthetic Data - Grupo 7,2025-11-04T08:05:05.916933
895,10,2025-05-06T08:05:05.916961,31.28,62.34,1.1,1011.11,2.1,Synthetic Data - Grupo 7,2025-11-04T08:05:05.916987
896,7,2025-07-14T08:05:05.917015,19.51,100.0,5.3,1022.34,9.3,Synthetic Data - Grupo 7,2025-11-04T08:05:05.917040
897,6,2025-10-10T08:05:05.917068,18.94,100.0,10.94,1003.69,2.25,Synthetic Data - Grupo 7,2025-11-04T08:05:05.917094
898,16,2024-12-22T08:05:05.917122,18.48,70.18,8.09,1007.02,2.27,Synthetic Data - Grupo 7,2025-11-04T08:05:05.917148
899,6,2025-10-15T08:05:05.917176,10.58,72.9,1.25,1017.82,5.97,Synthetic Data - Grupo 7,2025-11-04T08:05:05.917202
900,19,2024-11-21T08:05:05.917230,21.84,74.37,2.51,1011.18,6.82,Synthetic Data - Grupo 7,2025-11-04T08:05:05.917256
901,3,2025-10-21T08:05:05.917285,24.89,81.87,0.65,1007.41,2.8,Synthetic Data - Grupo 7,2025-11-04T08:05:05.917311
902,12,2024-11-19T08:05:05.917339,20.3,60.93,8.62,1015.49,4.82,Synthetic Data - Grupo 7,2025-11-04T08:05:05.917365
903,6,2025-05-28T08:05:05.917393,32.03,70.41,4.4,1007.72,2.43,Synthetic Data - Grupo 7,2025-11-04T08:05:05.917419
904,10,2025-05-07T08:05:05.917448,13.97,54.95,4.9,1011.34,4.07,Synthetic Data - Grupo 7,2025-11-04T08:05:05.917473
905,4,2025-06-11T08:05:05.917501,25.7,72.27,0.29,1009.8,3.53,Synthetic Data - Grupo 7,2025-11-04T08:05:05.917528
906,7,2025-05-18T08:05:05.917556,29.84,58.38,3.16,1011.07,2.4,Synthetic Data - Grupo 7,2025-11-04T08:05:05.917582
907,19,2025-06-04T08:05:05.917610,25.42,67.1,1.5,1012.38,2.75,Synthetic Data - Grupo 7,2025-11-04T08:05:05.917636
908,9,2024-11-08T08:05:05.917664,28.35,82.47,4.78,1009.87,2.55,Synthetic Data - Grupo 7,2025-11-04T08:05:05.917690
909,10,2025-02-09T08:05:05.917718,32.94,66.38,7.86,1020.33,4.64,Synthetic Data - Grupo 7,2025-11-04T08:05:05.917744
910,12,2025-02-11T08:05:05.917772,29.94,59.16,1.6,1011.25,2.79,Synthetic Data - Grupo 7,2025-11-04T08:05:05.917798
911,20,2025-06-05T08:05:05.917826,17.8,84.38,0.5,1018.64,3.67,Synthetic Data - Grupo 7,2025-11-04T08:05:05.917852
912,16,2025-02-02T08:05:05.917880,28.89,82.92,0.2,1007.6,2.88,Synthetic Data - Grupo 7,2025-11-04T08:05:05.917907
913,3,2025-03-14T08:05:05.917935,31.06,86.52,3.2,1016.58,1.64,Synthetic Data - Grupo 7,2025-11-04T08:05:05.917961
914,10,2025-01-30T08:05:05.917989,36.02,76.04,2.64,1015.29,2.22,Synthetic Data - Grupo 7,2025-11-04T08:05:05.918015
915,8,2025-08-26T08:05:05.918043,17.94,61.94,5.14,1018.62,2.31,Synthetic Data - Grupo 7,2025-11-04T08:05:05.918069
916,14,2025-08-15T08:05:05.918097,23.56,82.14,3.81,1010.0,3.17,Synthetic Data - Grupo 7,2025-11-04T08:05:05.918123
917,15,2025-10-03T08:05:05.918151,21.75,74.49,0.16,1010.12,2.98,Synthetic Data - Grupo 7,2025-11-04T08:05:05.918178
918,12,2024-12-21T08:05:05.918206,24.17,63.52,2.05,1019.36,3.04,Synthetic Data - Grupo 7,2025-11-04T08:05:05.918232
919,4,2025-05-09T08:05:05.918260,17.08,40.12,13.91,1006.58,5.39,Synthetic Data - Grupo 7,2025-11-04T08:05:05.918286
920,2,2025-08-22T08:05:05.918314,22.25,93.6,5.79,1010.12,2.18,Synthetic Data - Grupo 7,2025-11-04T08:05:05.918340
921,15,2025-02-12T08:05:05.918368,28.42,66.3,1.88,1001.49,2.47,Synthetic Data - Grupo 7,2025-11-04T08:05:05.918394
922,16,2025-01-17T08:05:05.918422,22.7,75.94,6.54,1013.71,2.91,Synthetic Data - Grupo 7,2025-11-04T08:05:05.918448
923,6,2024-12-09T08:05:05.918477,30.49,78.85,2.63,1011.72,2.22,Synthetic Data - Grupo 7,2025-11-04T08:05:05.918502
924,12,2024-11-25T08:05:05.918531,26.57,51.0,3.41,1015.19,6.02,Synthetic Data - Grupo 7,2025-11-04T08:05:05.918557
925,16,2025-09-24T08:05:05.918585,28.77,55.44,1.65,1021.64,1.5,Synthetic Data - Grupo 7,2025-11-04T08:05:05.918612
926,16,2025-02-04T08:05:05.918640,29.05,58.76,1.52,1011.45,16.18,Synthetic Data - Grupo 7,2025-11-04T08:05:05.918666
927,5,2025-05-09T08:05:05.918694,29.04,63.43,2.52,1013.91,3.45,Synthetic Data - Grupo 7,2025-11-04T08:05:05.918720
928,10,2025-07-03T08:05:05.918748,27.67,84.49,2.34,1019.79,4.77,Synthetic Data - Grupo 7,2025-11-04T08:05:05.918774
929,19,2025-06-26T08:05:05.918802,23.85,61.74,6.22,1015.55,0.85,Synthetic Data - Grupo 7,2025-11-04T08:05:05.918828
930,19,2025-03-24T08:05:05.918856,16.66,97.0,13.88,1012.65,3.03,Synthetic Data - Grupo 7,2025-11-04T08:05:05.918882
931,1,2025-08-29T08:05:05.918910,25.48,53.14,1.37,1015.82,5.38,Synthetic Data - Grupo 7,2025-11-04T08:05:05.918936
932,1,2025-09-15T08:05:05.918964,26.3,63.97,0.01,1016.61,1.88,Synthetic Data - Grupo 7,2025-11-04T08:05:05.918990
933,7,2025-10-19T08:05:05.919019,19.19,70.51,2.27,1016.68,2.68,Synthetic Data - Grupo 7,2025-11-04T08:05:05.919044
934,17,2025-04-19T08:05:05.919073,29.85,52.27,4.3,1017.98,5.33,Synthetic Data - Grupo 7,2025-11-04T08:05:05.919098
935,5,2024-11-24T08:05:05.919127,24.3,61.54,0.3,1011.15,1.59,Synthetic Data - Grupo 7,2025-11-04T08:05:05.919153
936,16,2025-05-24T08:05:05.919181,22.59,74.32,2.29,1015.48,4.22,Synthetic Data - Grupo 7,2025-11-04T08:05:05.919207
937,10,2024-12-23T08:05:05.919235,21.68,66.34,0.51,1014.47,2.65,Synthetic Data - Grupo 7,2025-11-04T08:05:05.919261
938,10,2025-09-07T08:05:05.919289,28.77,73.57,3.72,1008.02,2.78,Synthetic Data - Grupo 7,2025-11-04T08:05:05.919315
939,5,2025-08-11T08:05:05.919344,17.97,77.09,5.66,1009.1,3.16,Synthetic Data - Grupo 7,2025-11-04T08:05:05.919369
940,5,2025-01-16T08:05:05.919398,23.21,65.81,2.48,1013.51,5.14,Synthetic Data - Grupo 7,2025-11-04T08:05:05.919424
941,20,2025-06-04T08:05:05.919451,27.89,64.29,1.18,1008.92,2.54,Synthetic Data - Grupo 7,2025-11-04T08:05:05.919477
942,19,2025-08-23T08:05:05.919505,18.88,91.37,4.73,1007.81,7.91,Synthetic Data - Grupo 7,2025-11-04T08:05:05.919531
943,7,2025-10-07T08:05:05.919559,27.95,100.0,6.78,999.48,4.29,Synthetic Data - Grupo 7,2025-11-04T08:05:05.919584
944,1,2025-02-13T08:05:05.919613,27.7,78.45,0.68,1014.42,5.37,Synthetic Data - Grupo 7,2025-11-04T08:05:05.919639
945,10,2025-10-16T08:05:05.919673,22.75,73.03,1.05,1015.89,4.67,Synthetic Data - Grupo 7,2025-11-04T08:05:05.919699
946,8,2025-09-12T08:05:05.919728,21.57,82.3,6.17,1010.36,2.22,Synthetic Data - Grupo 7,2025-11-04T08:05:05.919753
947,19,2025-04-24T08:05:05.919782,25.24,70.18,5.11,1012.1,5.32,Synthetic Data - Grupo 7,2025-11-04T08:05:05.919807
948,12,2025-09-03T08:05:05.919835,19.49,69.78,5.96,1011.6,0.86,Synthetic Data - Grupo 7,2025-11-04T08:05:05.919861
949,19,2024-12-04T08:05:05.919892,27.55,96.67,11.7,1007.86,2.85,Synthetic Data - Grupo 7,2025-11-04T08:05:05.919918
950,4,2025-08-25T08:05:05.919946,22.54,55.19,4.68,1007.05,4.07,Synthetic Data - Grupo 7,2025-11-04T08:05:05.919972
951,16,2025-03-03T08:05:05.920000,27.6,68.92,8.98,1021.01,3.17,Synthetic Data - Grupo 7,2025-11-04T08:05:05.920026
952,19,2025-03-15T08:05:05.920054,24.63,84.66,3.75,1020.29,6.25,Synthetic Data - Grupo 7,2025-11-04T08:05:05.920080
953,9,2024-11-22T08:05:05.920108,24.22,86.55,0.32,1022.74,2.74,Synthetic Data - Grupo 7,2025-11-04T08:05:05.920134
954,18,2025-07-29T08:05:05.920162,15.75,65.81,1.62,1006.78,3.34,Synthetic Data - Grupo 7,2025-11-04T08:05:05.920188
955,13,2025-09-21T08:05:05.920216,21.56,72.08,8.85,1022.45,5.45,Synthetic Data - Grupo 7,2025-11-04T08:05:05.920242
956,13,2025-01-28T08:05:05.920270,27.98,69.42,7.28,1003.68,6.71,Synthetic Data - Grupo 7,2025-11-04T08:05:05.920327
957,16,2025-04-28T08:05:05.920360,17.8,54.29,9.49,1010.94,6.6,Synthetic Data - Grupo 7,2025-11-04T08:05:05.920386
958,6,2025-09-29T08:05:05.920415,25.31,45.66,2.39,1014.83,3.23,Synthetic Data - Grupo 7,2025-11-04T08:05:05.920440
959,20,2025-02-26T08:05:05.920468,20.41,62.5,6.85,1010.46,0.22,Synthetic Data - Grupo 7,2025-11-04T08:05:05.920494
960,15,2025-07-05T08:05:05.920523,21.46,82.97,5.99,999.48,3.1,Synthetic Data - Grupo 7,2025-11-04T08:05:05.920549
961,4,2025-06-30T08:05:05.920578,29.49,88.12,0.37,1004.66,4.17,Synthetic Data - Grupo 7,2025-11-04T08:05:05.920604
962,1,2025-06-16T08:05:05.920632,28.29,86.27,0.61,1010.27,10.57,Synthetic Data - Grupo 7,2025-11-04T08:05:05.920658
963,15,2025-05-04T08:05:05.920686,27.24,64.09,1.14,1017.26,7.12,Synthetic Data - Grupo 7,2025-11-04T08:05:05.920712
964,14,2025-05-02T08:05:05.920740,29.55,46.59,16.63,1014.3,4.74,Synthetic Data - Grupo 7,2025-11-04T08:05:05.920766
965,1,2025-01-06T08:05:05.920794,23.86,33.08,0.58,1004.24,1.72,Synthetic Data - Grupo 7,2025-11-04T08:05:05.920820
966,5,2024-12-13T08:05:05.920849,25.45,71.01,14.16,1010.97,5.49,Synthetic Data - Grupo 7,2025-11-04T08:05:05.920875
967,1,2025-02-19T08:05:05.920903,16.22,59.57,1.65,1016.87,3.82,Synthetic Data - Grupo 7,2025-11-04T08:05:05.920929
968,19,2025-05-11T08:05:05.920957,30.67,67.72,0.25,1011.65,1.22,Synthetic Data - Grupo 7,2025-11-04T08:05:05.920983
969,3,2025-10-21T08:05:05.921043,24.18,87.79,2.76,1011.75,1.14,Synthetic Data - Grupo 7,2025-11-04T08:05:05.921069
970,16,2025-10-28T08:05:05.921097,32.31,65.64,5.7,1016.65,4.0,Synthetic Data - Grupo 7,2025-11-04T08:05:05.921123
971,17,2025-09-23T08:05:05.921151,26.05,91.89,1.96,1018.24,3.13,Synthetic Data - Grupo 7,2025-11-04T08:05:05.921177
972,5,2025-01-23T08:05:05.921205,26.39,85.8,2.04,1015.53,4.89,Synthetic Data - Grupo 7,2025-11-04T08:05:05.921231
973,12,2025-03-10T08:05:05.921259,19.78,96.76,2.6,1010.65,3.86,Synthetic Data - Grupo 7,2025-11-04T08:05:05.921285
974,9,2024-12-31T08:05:05.921339,27.35,68.78,5.76,1009.66,6.41,Synthetic Data - Grupo 7,2025-11-04T08:05:05.921366
975,4,2025-04-22T08:05:05.921395,19.95,60.57,15.25,1006.65,2.8,Synthetic Data - Grupo 7,2025-11-04T08:05:05.921420
976,14,2025-04-24T08:05:05.921448,30.94,50.86,1.74,1010.36,2.32,Synthetic Data - Grupo 7,2025-11-04T08:05:05.921474
977,4,2025-02-22T08:05:05.921501,26.86,62.7,7.99,1003.46,4.41,Synthetic Data - Grupo 7,2025-11-04T08:05:05.921527
978,6,2025-02-18T08:05:05.921555,33.34,86.31,0.04,1006.79,0.59,Synthetic Data - Grupo 7,2025-11-04T08:05:05.921581
979,10,2024-12-12T08:05:05.921609,13.91,52.48,5.82,1016.65,0.98,Synthetic Data - Grupo 7,2025-11-04T08:05:05.921635
980,15,2025-08-10T08:05:05.921663,23.75,64.47,15.02,1019.01,3.36,Synthetic Data - Grupo 7,2025-11-04T08:05:05.921689
981,2,2025-08-01T08:05:05.921718,28.42,63.68,1.67,1018.59,7.48,Synthetic Data - Grupo 7,2025-11-04T08:05:05.921743
982,1,2025-05-23T08:05:05.921771,16.89,59.53,8.28,1012.0,8.41,Synthetic Data - Grupo 7,2025-11-04T08:05:05.921797
983,15,2025-08-07T08:05:05.921825,23.59,88.46,1.61,1014.31,0.59,Synthetic Data - Grupo 7,2025-11-04T08:05:05.921851
984,5,2025-01-05T08:05:05.921879,26.3,62.73,1.2,1011.12,0.97,Synthetic Data - Grupo 7,2025-11-04T08:05:05.921905
985,14,2025-03-24T08:05:05.921932,20.81,38.4,3.85,1010.65,2.4,Synthetic Data - Grupo 7,2025-11-04T08:05:05.921958
986,3,2025-02-03T08:05:05.921986,24.99,61.85,4.04,1021.83,4.8,Synthetic Data - Grupo 7,2025-11-04T08:05:05.922012
987,18,2025-09-20T08:05:05.922041,39.8,82.04,0.17,1012.99,0.99,Synthetic Data - Grupo 7,2025-11-04T08:05:05.922067
988,17,2025-06-02T08:05:05.922095,29.14,66.9,34.06,1021.02,1.5,Synthetic Data - Grupo 7,2025-11-04T08:05:05.922121
989,5,2025-09-27T08:05:05.922149,23.5,50.48,5.37,1025.21,4.59,Synthetic Data - Grupo 7,2025-11-04T08:05:05.922175
990,12,2025-04-19T08:05:05.922203,37.65,55.1,13.15,1010.43,6.45,Synthetic Data - Grupo 7,2025-11-04T08:05:05.922229
991,12,2025-05-24T08:05:05.922257,19.58,79.91,5.08,1022.12,3.47,Synthetic Data - Grupo 7,2025-11-04T08:05:05.922283
992,3,2024-11-08T08:05:05.922311,30.78,85.78,6.49,1020.54,7.15,Synthetic Data - Grupo 7,2025-11-04T08:05:05.922337
993,11,2025-10-23T08:05:05.922365,26.84,63.76,3.57,999.1,1.31,Synthetic Data - Grupo 7,2025-11-04T08:05:05.922392
994,13,2025-04-06T08:05:05.922420,21.01,62.51,1.66,1016.86,1.54,Synthetic Data - Grupo 7,2025-11-04T08:05:05.922446
995,20,2024-12-15T08:05:05.922474,18.78,76.75,1.45,1010.94,4.94,Synthetic Data - Grupo 7,2025-11-04T08:05:05.922500
996,16,2025-09-19T08:05:05.922544,25.74,67.19,1.46,1015.68,0.78,Synthetic Data - Grupo 7,2025-11-04T08:05:05.922571
997,5,2025-08-20T08:05:05.922599,26.34,44.76,11.91,1012.83,7.54,Synthetic Data - Grupo 7,2025-11-04T08:05:05.922625
998,6,2024-12-31T08:05:05.922653,21.16,65.24,1.63,1009.67,7.55,Synthetic Data - Grupo 7,2025-11-04T08:05:05.922679
999,20,2025-10-10T08:05:05.922708,23.85,51.87,3.01,1012.59,3.16,Synthetic Data - Grupo 7,2025-11-04T08:05:05.922734
1000,16,2025-02-05T08:05:05.922762,36.65,72.53,2.2,994.52,3.53,Synthetic Data - Grupo 7,2025-11-04T08:05:05.922788
